 0	0.191663856138348	-0.0684030704640596	0.0373144502345883	0.0242498022493335	0.0173485208953087
 0.249376558603491	0.299478871965417	-0.103761972382887	0.0562572115978195	0.0364890949230891	0.026084383649934
 0.498753117206983	0.350958906653493	-0.114824914697607	0.0615912022763474	0.0398021489060471	0.0283693097223367
 0.748129675810474	0.365592508031065	-0.108602715597982	0.0570719803160502	0.036619462709936	0.0260270046675696
 0.997506234413965	0.357000463872824	-0.0905050619608014	0.0458493108330042	0.0290268632534656	0.0204956045336488
 1.24688279301746	0.334699265575741	-0.0647743607631625	0.0303881983583584	0.0186512550928478	0.0129694169333908
 1.49625935162095	0.305058466999728	-0.0346865076919992	0.012579189283483	0.00679393238845286	0.00440276969534533
 1.74563591022444	0.272370611076427	-0.00264648165006787	-0.00601400646146537	-0.00550820621895117	-0.00446730481941714
 1.99501246882793	0.239396628767299	0.0295027245884854	-0.0242868845191528	-0.0175014898665147	-0.0130786976892129
 2.24438902743142	0.20780726538594	0.0604944874083203	-0.0413858244410418	-0.0285863177067123	-0.0209913099252036
 2.49376558603491	0.178585598598728	0.0893965924981341	-0.056686624598214	-0.0383546057840896	-0.0279117992766142
 2.7431421446384	0.15219549535316	0.115632563439701	-0.0698173531824006	-0.0465395213557724	-0.0336376566224872
 2.9925187032419	0.128810005176695	0.138835375191117	-0.080543553060407	-0.0529745235715303	-0.0380368622119269
 3.24189526184539	0.108379119817008	0.15887990003845	-0.0887226913715014	-0.0575701964013806	-0.0410844490974817
 3.49127182044888	0.0907228138678434	0.175714797185598	-0.0943565498527671	-0.0603498831218355	-0.042763318787532
 3.74064837905237	0.0756038915708807	0.189437943642896	-0.0974947753386582	-0.0613369320752317	-0.0431364146578872
 3.99002493765586	0.0627534387632099	0.200177336004642	-0.0982715000239837	-0.0606669815176694	-0.0422584355358487
 4.23940149625935	0.0519078858606691	0.208160086036691	-0.0968383082397496	-0.0584404593225154	-0.0402550581452293
 4.48877805486284	0.0428049458708104	0.213584885363358	-0.0933927911725089	-0.0548277542105673	-0.0372322678651479
 4.73815461346633	0.0351894313978705	0.216727572857145	-0.0881412841131159	-0.0499801533769125	-0.0333320131294006
 4.98753117206983	0.0288697388112788	0.217809315514213	-0.0812992683370792	-0.0440931167445655	-0.0286842745478611
 5.23690773067332	0.0236250867403352	0.217090305522102	-0.0730892700271875	-0.0373219396642942	-0.0234257129620489
 5.48628428927681	0.0192966309307211	0.214814264325637	-0.0637168581868451	-0.0298536041833599	-0.0176851017972256
 5.7356608478803	0.0157276307228724	0.21121369980897	-0.0534076847857381	-0.0218427183983884	-0.0116080729464183
 5.98503740648379	0.0128034361971802	0.206484984984563	-0.0423572648816678	-0.0134689775617847	-0.00531473371359938
 6.23441396508728	0.010402618034465	0.200852231921536	-0.0307505822743204	-0.00487722711688523	0.00106626691164727
 6.48379052369077	0.0084455505641209	0.194454497662229	-0.0187702675190816	0.00377756870005568	0.00742747855744364
 6.73316708229426	0.00684571880872685	0.18749278567993	-0.00658012667956545	0.0123847763555281	0.0136774638590337
 6.98254364089776	0.00553859412928844	0.180084278362242	0.00568964781777972	0.02081582051286	0.0197101202831839
 7.23192019950125	0.00447568877556093	0.172370342872817	0.017890331458355	0.0289684999446847	0.0254569200591448
 7.48129675810474	0.00361716858753865	0.164461111000921	0.0299222552564884	0.0367556127399401	0.0308441983434252
 7.73067331670823	0.00292071166826061	0.156462353807552	0.0416817647538157	0.0440888106488747	0.03581230728807
 7.98004987531172	0.00234778766975615	0.148440856564643	0.0530832207257598	0.050915284132877	0.0403111903763954
 8.22942643391521	0.00188991239878272	0.140475001720364	0.0640489007774088	0.057174736392012	0.0442909392299688
 8.4788029925187	0.00151927494567884	0.132619518415121	0.0745062942036785	0.0628059691848658	0.0477426713079561
 8.7281795511222	0.00121476974952846	0.124936602911206	0.0844280674863197	0.067790872649537	0.0506325296731138
 8.97755610972569	0.00097845657421267	0.117451157350504	0.0937554219470383	0.0720932629921935	0.0529510105814386
 9.22693266832918	0.000776785364612111	0.110200353791753	0.102470591294371	0.0757094832174005	0.0546745827113025
 9.47630922693267	0.000623934838367018	0.10321545671816	0.11053919498945	0.078625654693219	0.0558229253689318
 9.72568578553616	0.000491949482928594	0.0965038996553162	0.117967197838056	0.0808485219262842	0.0563934610432119
 9.97506234413965	0.000397343776206404	0.0900844694291688	0.124730384210513	0.0823669022716042	0.0564020756645211
 10.2244389027431	0.000319874718273931	0.083967259663709	0.130847298434716	0.083215109270729	0.0558661797142712
 10.4738154613466	0.000252628487611357	0.0781398516116574	0.136299275296837	0.0833849101314287	0.0548084888013542
 10.7231920199501	0.000202951515486067	0.0726271383569234	0.141115207631117	0.0829180427813532	0.0532447931277882
 10.9725685785536	0.000160629077240914	0.0674151083675895	0.145302727509729	0.0818254132178658	0.051216948615546
 11.2219451371571	0.000130579606042487	0.0625084452865637	0.148887521268422	0.0801577337762837	0.0487464650735835
 11.4713216957606	0.000104517103156169	0.0578815020824426	0.151881148040794	0.0779241906123635	0.0458576224539205
 11.7206982543641	8.76863407084265E-05	0.0535386909291646	0.154307084184153	0.0751775622187532	0.0426078658087254
 11.9700748129676	6.23793099853751E-05	0.0494711401425624	0.156188787811243	0.0719296267013024	0.0390169907023566
 12.2194513715711	4.83323012424588E-05	0.0456666664224734	0.157570494395348	0.068233564304853	0.0351267124364017
 12.4688279301746	4.17401560168145E-05	0.0421146761455539	0.158474232027858	0.0641271483165762	0.0309719514154811
 12.7182044887781	4.09741747638402E-05	0.0388018609289321	0.158911336695306	0.0596304921285939	0.026594374237375
 12.9675810473815	2.51031706595348E-05	0.0357218799462253	0.158925762614713	0.0548003880076703	0.0220304792469163
 13.216957605985	1.77222998533025E-05	0.0328543065566062	0.158533605864191	0.0496675731168814	0.0173019747949472
 13.4663341645885	1.82302846074191E-05	0.0301910881624304	0.15777282490088	0.0442651972839251	0.0124645572263575
 13.715710723192	1.54843839962304E-05	0.0277240868531559	0.156668155555978	0.0386360723701014	0.00754047410395486
 13.9650872817955	5.21708459749042E-06	0.0254399843328225	0.155249984210548	0.0328178061381452	0.00257629284429039
 14.214463840399	9.3385952097405E-07	0.0233329056898398	0.153542295053069	0.0268404486376767	-0.00240223854043064
 14.4638403990025	-2.5568423814672E-06	0.0213735177902878	0.151581779716478	0.0207292957604476	-0.00737742837286331
 14.713216957606	-6.01612311166496E-06	0.0195778979061404	0.149378753822559	0.0145265036766985	-0.0123011171240413
 14.9625935162095	-6.49734811959608E-06	0.0179075294900073	0.146975253821611	0.0082533548370013	-0.0171613727592352
 15.211970074813	-3.58287630944189E-06	0.0163792173619313	0.14437313677473	0.00194727414142021	-0.0219072168580302
 15.4613466334165	-1.85391110557986E-06	0.0149654804359954	0.141609246928731	-0.00437340091485611	-0.0265453672624849
 15.71072319202	-7.08049089112883E-06	0.0136727338779175	0.138700296298352	-0.0106647495661696	-0.0310286003837943
 15.9600997506234	-8.0358463440294E-06	0.0124809783489944	0.135670563129046	-0.0169227244240007	-0.0353592741149042
 16.2094763092269	-7.92380679063589E-06	0.0113821062130858	0.132530966894571	-0.0231068311502419	-0.0395096108885891
 16.4588528678304	-2.9168688994487E-06	0.0103775746856422	0.129300347268703	-0.0292095629088834	-0.0434461560032371
 16.7082294264339	-3.00024772216709E-06	0.00945805146761097	0.126003872151966	-0.0352073960088609	-0.0471702369708182
 16.9576059850374	-1.35028781794008E-06	0.00861776034542974	0.122651803510111	-0.0410882271368071	-0.0506641258348505
 17.2069825436409	-3.17522254565606E-07	0.0078521276016344	0.119262070503301	-0.0468304245901717	-0.0539189012521801
 17.4563591022444	2.55696793792014E-07	0.00714796117983908	0.115841172532096	-0.0524213863016663	-0.0569239525631784
 17.7057356608479	-1.78077399054077E-06	0.00650063391519168	0.1124077838751	-0.0578479496189873	-0.0596656153381606
 17.9551122194514	1.04012533874415E-06	0.00590986578950419	0.108969896810942	-0.0631050071091281	-0.0621505479416088
 18.2044887780549	-2.78575694599114E-06	0.00537561055424805	0.105538617882927	-0.0681674921043006	-0.0643637024424325
 18.4538653366584	6.35895688206585E-07	0.00488224672163366	0.102119481477194	-0.0730352290672751	-0.066304650438278
 18.7032418952618	-1.64053561946337E-07	0.00443793473320062	0.0987242153766325	-0.0777029947437192	-0.0679670104238349
 18.9526184538653	2.56139634331222E-06	0.00402851234086671	0.0953730113504652	-0.0821633472873808	-0.0693448046907165
 19.2019950124688	-3.07534338862353E-06	0.00366113856563308	0.0920560049354948	-0.0864131144055671	-0.0704530300274077
 19.4513715710723	-6.87998566704405E-06	0.00332730927378629	0.0887860810763551	-0.0904345605563769	-0.0712851519072425
 19.7007481296758	-2.73581974779952E-06	0.00301669457213588	0.0855709609047372	-0.094249239070775	-0.0718492555518716
 19.9501246882793	-4.69932261309148E-06	0.00273679962608403	0.0824088463410466	-0.0978373090389658	-0.0721346546258133
 20.1995012468828	-3.66472029440421E-06	0.00247631987451813	0.0793136108547419	-0.101194991865924	-0.0721573333041396
 20.4488778054863	-6.79918561425374E-07	0.00224677602263504	0.0762830102614921	-0.104336714181902	-0.0719283991643019
 20.6982543640898	-2.20785150569025E-06	0.00203578854913434	0.0733184305891661	-0.107253810904253	-0.0714428699827241
 20.9476309226933	-6.37129391861543E-07	0.0018395949551282	0.0704273225946909	-0.109952722649403	-0.0707128868063136
 21.1970074812968	-1.2961927714797E-06	0.00166677172841334	0.0676080793489472	-0.112428621457653	-0.0697376387698482
 21.4463840399003	2.42839092890436E-06	0.00150638062327965	0.0648543470187598	-0.114697555003433	-0.0685396052844939
 21.6957605985037	5.74762021533428E-06	0.00136044157940629	0.0621748370275354	-0.116744342024419	-0.0671112294641514
 21.9451371571072	3.69493901713894E-06	0.00122629312135628	0.0595785448883622	-0.11859114607602	-0.0654729779556484
 22.1945137157107	3.89390331230936E-06	0.00111038461937997	0.0570578821982014	-0.120219980352251	-0.0636283801106183
 22.4438902743142	1.19220560773172E-06	0.000997956925379701	0.0546115641743575	-0.121661597120709	-0.0615865178352982
 22.6932668329177	6.57886709437116E-07	0.00090514073997881	0.0522466068169168	-0.122904851025571	-0.0593678642205893
 22.9426433915212	2.57245045271749E-07	0.00082228313681246	0.0499635216452483	-0.123950556993356	-0.0569709197829142
 23.1920199501247	2.30301035824888E-06	0.00074427191694861	0.0477495674944402	-0.124824672059053	-0.0544075385147335
 23.4413965087282	7.72039413669729E-06	0.000678526471111724	0.0456195883575382	-0.125526340012975	-0.0516990143249068
 23.6907730673317	8.06203393703655E-06	0.000607693026853634	0.0435551755573609	-0.12605432980403	-0.0488416558957483
 23.9401496259352	5.4948541012896E-06	0.000551700803794263	0.0415615208974999	-0.126412651632638	-0.0458613498812699
 24.1895261845387	6.27916401833341E-06	0.000497468065961159	0.039643429399147	-0.126608918664796	-0.0427471266045268
 24.4389027431421	7.13825724109258E-06	0.000452823000466129	0.0378051221320597	-0.126654529228306	-0.0395263741586739
 24.6882793017456	6.79402880238125E-06	0.000417784528075603	0.036034798971633	-0.126562211092929	-0.0362082547086736
 24.9376558603491	6.32002672295632E-06	0.000382409937922459	0.0343361910805907	-0.12631938008662	-0.0327982489727156
 25.1870324189526	1.04474674653048E-05	0.000351351109443947	0.0327035865656329	-0.125946287478339	-0.0293019852491462
 25.4364089775561	1.0108232986169E-05	0.000313103461947734	0.0311362133197498	-0.125444593098573	-0.0257338133482977
 25.6857855361596	8.81624817405757E-06	0.000284603536019145	0.029625660334137	-0.12482185311607	-0.0221038706040229
 25.9351620947631	4.07429576440081E-06	0.000260363772610104	0.0281852373779062	-0.124095117568597	-0.0184305708307161
 26.1845386533666	4.06954265370322E-06	0.000236893203491305	0.0267941488299765	-0.123250275333107	-0.0147182188153357
 26.4339152119701	3.4488534951558E-06	0.000211951619539069	0.0254715442969328	-0.122314219952098	-0.0109664031812006
 26.6832917705736	-7.8368189969001E-07	0.000191567997650131	0.024200892997389	-0.121272479259924	-0.00719439342984256
 26.9326683291771	-4.03264105420183E-06	0.000178310149319274	0.022995415515351	-0.12014222731385	-0.00340598086805657
 27.1820448877805	-1.68001057484739E-06	0.000159200640745032	0.0218370878093662	-0.118935918878838	0.000389769614039817
 27.431421446384	2.1957306247315E-06	0.000143287473733277	0.0207315778889902	-0.117647167312121	0.00418631559590038
 27.6807980049875	4.53444510691299E-07	0.000123776273404895	0.0196781630039761	-0.116298570445534	0.00797958822650599
 27.930174563591	5.50328606435695E-06	0.000110210831401903	0.0186724890974194	-0.114869110873855	0.011753954829327
 28.1795511221945	6.54371056472511E-06	9.51297526823543E-05	0.017706550885343	-0.113385332938285	0.0155037375736707
 28.428927680798	8.45266068502314E-06	8.46263441965897E-05	0.0167847022090354	-0.11184528305741	0.0192226690141279
 28.6783042394015	5.70309357232836E-06	7.77310734723366E-05	0.0159074553258505	-0.110254416523363	0.0229100624956503
 28.927680798005	6.64024210398736E-06	7.14039387628256E-05	0.0150717623041681	-0.108611262890116	0.0265537295357393
 29.1770573566085	7.48198970009848E-06	6.99338234082798E-05	0.01427627129063	-0.106931639336625	0.0301563526629536
 29.426433915212	7.98001730203759E-06	6.74396350362127E-05	0.0135211099248971	-0.105211391557647	0.0336975344976864
 29.6758104738155	5.37784754723378E-06	5.29210480516337E-05	0.0127956053250266	-0.103469755963834	0.0371807655644107
 29.925187032419	5.37290760627518E-06	4.72776726949523E-05	0.0121076883428162	-0.10170393915828	0.0406035563996243
 30.1745635910224	4.11357590923663E-06	4.58948600323404E-05	0.0114562623319501	-0.0999043920393791	0.0439693796079182
 30.4239401496259	7.37585207494203E-06	4.32700748944354E-05	0.0108363364840166	-0.0980792212876973	0.0472581268783621
 30.6733167082294	8.32324556498045E-06	3.72728990589759E-05	0.0102477740234608	-0.0962340888563611	0.0504782290608605
 30.9226932668329	5.40769821919884E-06	3.67738340669943E-05	0.00968767444054387	-0.0943805145690424	0.0536140552075378
 31.1720698254364	5.82130064505349E-06	3.32357814964494E-05	0.00915933751190802	-0.0925145284138555	0.0566689994030075
 31.4214463840399	9.34996729789869E-06	3.64982324036706E-05	0.00865718282356211	-0.0906421590260509	0.0596455730866477
 31.6708229426434	8.81598851696381E-06	3.17660475146493E-05	0.00817736514605941	-0.0887718478522673	0.0625340597587466
 31.9201995012469	1.09921063440791E-05	2.98361527133342E-05	0.00772222634660095	-0.0868991513224536	0.0653346933927564
 32.1695760598504	6.65762771924545E-06	2.75472487995615E-05	0.00729328579787825	-0.085027358086377	0.0680431564884929
 32.4189526184539	1.11313731711325E-05	2.89203850086115E-05	0.00688636234611519	-0.0831536434817922	0.0706613309750289
 32.6683291770574	9.95952078054702E-06	2.48720104433305E-05	0.00649930120235732	-0.0812877285413084	0.0731819652432709
 32.9177057356608	3.83880355508168E-06	2.63379159775065E-05	0.00613168210910811	-0.0794240450837898	0.0756099005083351
 33.1670822942643	3.50066578545961E-06	2.42915374565027E-05	0.00578779763753964	-0.0775861315225987	0.0779391285904767
 33.4164588528678	3.65680305482106E-06	2.18933783176181E-05	0.0054584155327557	-0.0757490392399553	0.0801774878689972
 33.6658354114713	1.82206427705738E-06	1.645024351002E-05	0.00514949324055005	-0.0739313167765117	0.0823157488487414
 33.9152119700748	-1.17213816143744E-06	1.72154221044143E-05	0.00486034406013997	-0.0721342314086076	0.0843622308867178
 34.1645885286783	-5.97145168234245E-07	1.15489082771266E-05	0.00458161363930346	-0.0703566333732687	0.0863134027152562
 34.4139650872818	5.31191778760613E-06	8.79105826415926E-06	0.00431843685664363	-0.0685906091939532	0.0881578371891196
 34.6633416458853	7.37437463991127E-06	5.17526000691878E-06	0.00406889733601365	-0.0668480189683861	0.0899091946274828
 34.9127182044888	2.2067693231733E-06	2.90621092446651E-06	0.00383582907753628	-0.0651202401998305	0.0915632935753097
 35.1620947630923	6.960489292683E-06	7.22933737158251E-06	0.00361907471110734	-0.0634178857523596	0.0931193297224623
 35.4114713216958	5.65951308407121E-06	7.71381205265627E-06	0.00340613240542103	-0.0617434689808783	0.0945783960662477
 35.6608478802993	9.26042331198581E-06	7.59257280620437E-06	0.00320335258219031	-0.060093443683072	0.0959510956767471
 35.9102244389027	4.48232384784344E-06	5.83222348972141E-06	0.00301521649585255	-0.0584674647332313	0.0972251714706023
 36.1596009975062	7.75658740302057E-06	5.43367515749306E-06	0.00283962992323065	-0.056864920318849	0.0984092948356702
 36.4089775561097	8.73468187500995E-06	6.21867417350421E-06	0.00267601325597344	-0.0552919247575478	0.099502526206218
 36.6583541147132	6.60313385621256E-06	5.70377293013102E-06	0.00251778808677289	-0.0537407841553587	0.100500693131441
 36.9077306733167	1.4914879896376E-06	4.68692172444176E-06	0.00237142628547654	-0.052219413149466	0.101399646553546
 37.1571072319202	-6.77891782739767E-08	4.36877523441456E-06	0.00223593625318344	-0.0507172009977147	0.102215364140261
 37.4064837905237	-3.41439319734119E-06	6.7036098699177E-06	0.00210654055545744	-0.0492549837796471	0.102950283611846
 37.6558603491272	-6.17180574692216E-06	1.00521804558284E-05	0.00198275773759513	-0.0478208940047052	0.103602862881007
 37.9052369077307	-6.10055470780566E-06	1.57889013627413E-05	0.00186482623964369	-0.0464200891584739	0.104172507935677
 38.1546134663342	-5.55037834033974E-06	1.20695261141708E-05	0.00175255214696885	-0.0450470945110568	0.104669582960955
 38.4039900249377	-9.32842934976562E-06	1.05200392779629E-05	0.00165041488790717	-0.0437018839267472	0.105082238481849
 38.6533665835411	-5.90065727983977E-06	9.70880135396254E-06	0.00155542762520323	-0.0423855661745893	0.105412783477253
 38.9027431421446	-6.18446466166959E-06	6.03989604311105E-06	0.00145870626286463	-0.0410934712694651	0.105667438539567
 39.1521197007481	4.80150873819228E-07	5.62584047508578E-06	0.00137784080008616	-0.0398343984852819	0.105851686308454
 39.4014962593516	7.03122689821244E-07	1.43814678249058E-06	0.00129413104967518	-0.038604909385816	0.105966172825666
 39.6508728179551	-7.65235464295437E-08	6.39369245790644E-07	0.00121389421361684	-0.0374034860880026	0.106014713127672
 39.9002493765586	-3.24445020482764E-06	-1.59764624319012E-06	0.00114136064138106	-0.036227039668664	0.10599203915224
 40.1496259351621	7.52984003256233E-07	-1.31822943569903E-06	0.00107096699364455	-0.035086113172132	0.105911735212578
 40.3990024937656	5.98211190812358E-06	-1.76505854545811E-06	0.00100521412427879	-0.0339692495777594	0.105763762181595
 40.6483790523691	4.08070797099446E-06	6.89981953653999E-07	0.000945946717588503	-0.032874903831074	0.105557018018479
 40.8977556109726	-1.85229851076903E-07	7.00490307131651E-07	0.000891762022567393	-0.0318097118705795	0.105288457514562
 41.1471321695761	-2.29384808789516E-07	7.71965424321938E-06	0.000843219300589455	-0.0307796973867149	0.104965092087065
 41.3965087281796	3.68781766742687E-06	3.6449772745293E-06	0.000790208057995071	-0.0297684874103882	0.104585924030923
 41.645885286783	2.80846124470026E-06	7.60178085056724E-06	0.000743432455463431	-0.028784158872028	0.104151525977694
 41.8952618453865	-4.91484719121004E-06	5.50162597983977E-06	0.000699810295477427	-0.027828791611877	0.103673924540668
 42.14463840399	-7.15280574141152E-06	3.01481023533616E-06	0.000651547799821724	-0.0269034556182596	0.103141243451025
 42.3940149625935	-9.66528848055236E-06	-3.05796857461551E-06	0.000607297706714226	-0.0259988366028084	0.102559563297068
 42.643391521197	-5.85750604431437E-06	-3.89160581753012E-06	0.000565930752836244	-0.0251201973494172	0.101943238105004
 42.8927680798005	-1.08986582366102E-05	-6.15215103595506E-07	0.00053360030139947	-0.0242714757402489	0.10127877846192
 43.142144638404	-8.99726004624353E-06	4.6201381992544E-06	0.000498288664557135	-0.0234408799879311	0.100577489952799
 43.3915211970075	-8.17103964911357E-06	4.14775481230192E-06	0.000463784660031908	-0.0226371570035727	0.0998402760856559
 43.640897755611	-3.75036325521236E-06	2.82035741281709E-06	0.000431023244177547	-0.0218532939050309	0.0990659819752508
 43.8902743142145	-4.87373486172045E-06	-5.58291632665423E-07	0.00040292593326753	-0.0210962386464475	0.0982580045074387
 44.139650872818	1.01496341791774E-06	-3.98711584770986E-06	0.000377483523414778	-0.020367149618214	0.0974110475815412
 44.3890274314214	-2.1051472688624E-06	-4.49158683107247E-06	0.000348343335037084	-0.0196533822000368	0.0965371161975562
 44.6384039900249	-4.35650790384621E-07	-7.27035406076817E-06	0.000322520475238115	-0.0189587203162746	0.0956394232991607
 44.8877805486284	5.60263005259877E-06	-1.0768940623572E-05	0.000299783119263095	-0.0182877167168719	0.0947103068874377
 45.1371571072319	1.79951914782798E-06	-8.27298336270045E-06	0.000280151437451287	-0.0176317886292279	0.0937580137168815
 45.3865336658354	3.31594057431064E-06	-9.13261705012942E-06	0.000258667314644745	-0.0170040405352251	0.0927785173397299
 45.6359102244389	2.79854320338594E-06	-3.8536099904343E-06	0.000244274581051933	-0.0163967046758066	0.0917769589871317
 45.8852867830424	2.92661721352176E-06	-1.70922307309462E-06	0.000227232330069991	-0.0158024440722974	0.0907560907503569
 46.1346633416459	-6.94625205795974E-08	-3.75905491206439E-06	0.000211282253251005	-0.0152293804631671	0.0897121985883152
 46.3840399002494	-3.2543948204199E-06	-5.98325523657358E-06	0.000195698132244458	-0.0146711805516384	0.0886568962063109
 46.6334164588529	1.79506222894601E-06	-3.71325035976295E-06	0.000188043917886437	-0.0141335107160607	0.0875807620325289
 46.8827930174564	1.06196288023136E-06	-4.81977083807995E-07	0.000175129219288972	-0.0136094563081258	0.0864833461295386
 47.1321695760599	1.27532159562186E-06	1.20089598828274E-06	0.000164602019573197	-0.0131057928403619	0.0853777463128836
 47.3815461346633	2.08781284115444E-06	2.34335580210489E-06	0.000159402798749488	-0.0126221342789457	0.0842621397624251
 47.6309226932668	-3.95328680854499E-07	4.8107876536313E-06	0.000148581524854801	-0.0121550932196026	0.0831376208771708
 47.8802992518703	-2.34423675807624E-06	-1.78271061204057E-06	0.000133602113749058	-0.0117055944418065	0.0820046954684286
 48.1296758104738	-2.95420259710992E-06	3.76740207111826E-06	0.000130560387123706	-0.0112630185731803	0.080865867668916
 48.3790523690773	-4.22745025402875E-06	2.09473268609588E-06	0.000120620564210597	-0.0108394480472894	0.0797131165305711
 48.6284289276808	-4.79076289550067E-06	1.25666385970728E-07	0.000108189860586487	-0.0104316700004907	0.0785589134837519
 48.8778054862843	4.022087272425E-06	-1.03231559850615E-06	9.82886648422782E-05	-0.0100400713064699	0.0773991446779728
 49.1271820448878	7.81435138742442E-06	1.80896318080496E-06	9.11468455300993E-05	-0.00965723541318653	0.076235657595067
 49.3765586034913	7.35796853430327E-06	-2.55369949963145E-06	8.02888368147092E-05	-0.00928842174450733	0.075068528464586
 49.6259351620948	9.66198033183012E-07	-1.18841482449705E-06	7.64626319508451E-05	-0.00893429164043342	0.0738984061534888
 49.8753117206983	3.06214211637332E-06	-3.66094331656546E-06	6.66389244018468E-05	-0.00859360061543045	0.0727319508805808
 50.1246882793018	1.48559318536637E-06	-1.34932238406323E-05	6.25680417337334E-05	-0.00826373571806953	0.0715656465640652
 50.3740648379052	1.77526706977448E-06	-9.98200895805301E-06	5.76442609665648E-05	-0.00794157420553801	0.0704001861397095
 50.6234413965087	2.56276081805138E-06	-5.14120965608239E-06	5.69728034037982E-05	-0.00762917742580472	0.0692406309049376
 50.8728179551122	4.94828608595829E-06	-4.41870218641882E-07	4.88004019128939E-05	-0.00733066139363474	0.0680798728655517
 51.1221945137157	1.80410671834371E-07	-1.49584278507903E-07	4.6129579335765E-05	-0.0070461268332465	0.0669231236434663
 51.3715710723192	1.04577234401483E-06	6.16351237482023E-07	4.50658991573899E-05	-0.00677230188716459	0.0657645989272631
 51.6209476309227	-1.93838489313659E-06	5.20195603963288E-06	4.52856865097718E-05	-0.00650193311840537	0.0646105243087038
 51.8703241895262	-6.00087268782918E-06	6.2312276731751E-06	4.1175847971683E-05	-0.00624711458529505	0.0634681192047533
 52.1197007481297	-6.24730216553849E-06	4.64795795423406E-06	4.04254624095964E-05	-0.00599798702703804	0.0623356520214988
 52.3690773067332	5.23305033207246E-07	3.97838114926251E-06	3.95942097010342E-05	-0.00575963961126617	0.0612009912185243
 52.6184538653367	6.0151875384681E-08	4.18333046427106E-06	4.3351451089194E-05	-0.00552880174281324	0.0600788222819775
 52.8678304239401	2.1355241069555E-06	4.26958819597722E-06	4.73079829406376E-05	-0.00530688249937118	0.0589677891809108
 53.1172069825436	1.30511539511976E-06	1.72670098522809E-06	4.14946772673874E-05	-0.00509635775273546	0.0578637421228722
 53.3665835411471	1.62095131841257E-06	2.57504640089332E-06	3.74841370019669E-05	-0.00489305708371252	0.0567638935971283
 53.6159600997506	9.62839530332266E-07	-2.20351445556086E-06	3.52836076220622E-05	-0.00469793098352919	0.0556785083785272
 53.8653366583541	-3.49589533437883E-06	-8.31775944342024E-06	2.78225062731783E-05	-0.00451490656454274	0.0546036257485752
 54.1147132169576	2.81584687172738E-06	-1.4250224792363E-05	2.30472114131734E-05	-0.00433330943286677	0.0535398356477181
 54.3640897755611	-6.95751235854381E-08	-1.61334703821884E-05	2.07130192761313E-05	-0.00416131842459223	0.0524849223651517
 54.6134663341646	5.9950825181581E-06	-1.7930132233811E-05	1.80284178045133E-05	-0.00399206686617572	0.0514417090792817
 54.8628428927681	2.66610147227004E-06	-1.65814888490283E-05	1.53868265989996E-05	-0.00382769098445383	0.0504031732392915
 55.1122194513716	1.32705740519119E-06	-1.78532312609504E-05	1.01008412059116E-05	-0.00366729277257782	0.0493816311375215
 55.3615960099751	-4.35164520299564E-06	-1.78521291910693E-05	9.36617218990435E-06	-0.00351866864975692	0.0483766062462676
 55.6109725685786	-1.42556243791328E-06	-1.85448488123269E-05	3.71490293249963E-06	-0.00336971351327093	0.0473762420123235
 55.860349127182	-1.75241118385023E-06	-1.8727417165011E-05	-8.91716679952463E-07	-0.00322728637908405	0.0463903787977889
 56.1097256857855	5.63376254909589E-07	-1.7515043062477E-05	-5.07239593918337E-06	-0.00309725597037189	0.0454132139645153
 56.359102244389	4.49355489875442E-06	-1.25235859570571E-05	-3.43754005706325E-06	-0.00297213282938535	0.0444572150854828
 56.6084788029925	6.01630703400356E-06	-5.3181637778809E-06	4.30553842489362E-07	-0.00284603051627574	0.04350539930494
 56.857855361596	9.33584438851159E-06	-3.93463383885554E-06	-2.3509149968368E-06	-0.00272719220797577	0.0425701775445445
 57.1072319201995	7.90569390933366E-06	2.88994730505215E-06	-6.1254484344183E-07	-0.00260748172442649	0.0416481397587947
 57.356608478803	4.4965509865521E-06	5.30220990517984E-06	2.13277231827047E-06	-0.00250503802926206	0.0407361170690836
 57.6059850374065	4.67875373825445E-06	7.61264532111241E-06	4.75937852640289E-06	-0.00240148503506886	0.0398397096261419
 57.85536159601	1.04302199568481E-05	6.78297633782434E-06	4.81767683932339E-06	-0.00229655454647426	0.0389547854522453
 58.1047381546135	9.33734022280681E-06	9.18039880813474E-06	3.05149311285927E-06	-0.00219418015372385	0.0380850558121948
 58.354114713217	9.20231865486574E-06	9.31315872958529E-06	2.32393771994718E-06	-0.00210699665131922	0.0372280703280724
 58.6034912718205	6.50403267711462E-06	6.49870820975597E-06	7.12997383095319E-06	-0.00201735050394565	0.0363863176528302
 58.8528678304239	1.03240407917673E-05	5.30791179722838E-07	7.78350873078803E-06	-0.00193090901990374	0.0355625315493595
 59.1022443890274	7.01694124817425E-06	-3.20381423179231E-08	5.15172001040005E-06	-0.00184622939489861	0.0347492198201598
 59.3516209476309	2.03717950065483E-06	-5.6728606782765E-07	-2.0713474151202E-06	-0.00177118609735341	0.0339422157667351
 59.6009975062344	1.75225205393627E-06	-2.98036413795638E-06	9.60947993873258E-07	-0.0016969609578756	0.0331537727255481
 59.8503740648379	1.04348757059861E-06	-7.05198923918469E-06	3.39002076703617E-06	-0.00162935971513062	0.0323792797211158
 60.0997506234414	-4.67924444850846E-06	-5.56929317250537E-06	1.12496566163863E-05	-0.00155934915655448	0.0316179988961927
 60.3491271820449	-8.64697208035579E-06	-2.8070379983604E-06	1.00993811469681E-05	-0.00148765606828439	0.0308697127287217
 60.5985037406484	-8.06876902475187E-06	-6.18768173391346E-06	1.17999566446008E-05	-0.00142239179824884	0.0301302012507112
 60.8478802992519	-4.9220241847791E-06	-1.22358960582616E-05	8.46851606848212E-06	-0.00135706786963142	0.02940555145383
 61.0972568578554	-4.05262429715355E-06	-1.4922696194412E-05	1.07917358231029E-05	-0.00129852501254318	0.0286966603120329
 61.3466334164589	-1.62337778455222E-06	-1.63797475270321E-05	1.13327282419926E-05	-0.00124474456977887	0.0280065339541007
 61.5960099750623	2.34544847265593E-07	-1.70610855689994E-05	3.31447149207967E-06	-0.0011849360198044	0.0273290710530416
 61.8453865336658	4.21826231882189E-06	-1.28334460794837E-05	2.28876305596829E-06	-0.001127522708601	0.0266566983363372
 62.0947630922693	2.57388210906861E-06	-7.59052865257801E-06	-2.22581230781065E-06	-0.00108330678796641	0.0260020486311259
 62.3441396508728	2.56548515641877E-06	-9.33859359148312E-06	2.69960035337159E-06	-0.0010420716560812	0.0253571347743958
 62.5935162094763	2.15614111410239E-06	-3.51576144535503E-06	9.86525342897026E-06	-0.00100134636760896	0.0247258482110782
 62.8428927680798	7.32396435045773E-07	1.63693242674814E-06	4.44996108417309E-06	-0.000952835689600384	0.0241122355956857
 63.0922693266833	4.78477402081314E-06	3.2926039119535E-06	5.45096687342004E-06	-0.00091119383961113	0.0235085904509502
 63.3416458852868	2.81949059127569E-06	7.03809857795554E-06	1.26987228156147E-05	-0.000872590551019119	0.0229168238671637
 63.5910224438903	3.79534337680163E-06	3.04607498098532E-06	1.27741860393071E-05	-0.000839609478577122	0.022335937672055
 63.8403990024938	2.90342647306073E-06	2.57062484868773E-06	9.62728582649264E-06	-0.000804335544387003	0.0217590242142677
 64.0897755610973	4.71515785024455E-06	1.48706804996716E-06	1.44272312939163E-05	-0.000765199663301654	0.0212082076302202
 64.3391521197008	3.48808191892358E-07	1.87866930674226E-06	1.31564856942178E-05	-0.000726571764708117	0.0206666013408228
 64.5885286783042	-1.40905194118598E-06	-2.68393768466069E-06	1.41726164224233E-05	-0.000698221528788348	0.0201303428393427
 64.8379052369077	-2.36056349245497E-06	2.38960829144707E-06	1.83910873789392E-05	-0.000670342791965549	0.0196125059132334
 65.0872817955112	4.84695158641516E-07	-3.95068929715712E-06	1.80127067403555E-05	-0.000640409331803048	0.0191000862459305
 65.3366583541147	-2.17444992908895E-06	-3.04812653137721E-06	1.97094144652244E-05	-0.000609014685155445	0.0185989562805811
 65.5860349127182	-9.2465904776427E-07	1.41487705907388E-06	2.05329985326985E-05	-0.000584924581465	0.0181128488113756
 65.8354114713217	1.93872454138819E-06	2.31434378482684E-06	1.72518604978018E-05	-0.000561667189165659	0.0176374454538825
 66.0847880299252	-2.4256734612399E-06	-3.40627923208273E-06	9.07103307980159E-06	-0.000538089537132876	0.0171728043457483
 66.3341645885287	1.19089302970776E-06	-1.36553119000025E-06	6.25990857970747E-06	-0.000511224029502584	0.0167176399006027
 66.5835411471322	-3.49581274390062E-06	-7.15523247917494E-06	7.62688651107392E-06	-0.000490112691199765	0.0162740757402998
 66.8329177057357	-6.449234465284E-06	-8.00597929688141E-06	7.20244289165811E-06	-0.000470866226233778	0.0158400901216114
 67.0822942643392	-3.96151273890811E-06	-4.81563181518519E-06	1.38676935024415E-05	-0.000446607459554339	0.0154211815364021
 67.3316708229426	-1.36410207797712E-06	-2.49769766642133E-06	9.6388526097131E-06	-0.00042784073686355	0.0150068977023831
 67.5810473815461	-5.89493632891439E-06	-8.21003419229018E-06	2.38312923471013E-06	-0.000416433079040426	0.0146009908105947
 67.8304239401496	-9.11988076997066E-06	-4.95201924437432E-06	3.29092393715083E-06	-0.000397258343117091	0.0142021634652675
 68.0798004987531	-8.68132062597255E-06	-2.91894089805332E-06	5.05550428047544E-06	-0.000378438018599839	0.0138149775793544
 68.3291770573566	-5.35663694072873E-06	-4.87129000445529E-06	4.1127554555792E-06	-0.000359383886652687	0.0134347263343495
 68.5785536159601	-3.42318183637072E-06	2.9289617796321E-06	2.10078008551987E-06	-0.000340339655745377	0.0130658222247247
 68.8279301745636	-6.33294316393127E-06	6.31953971315166E-06	6.53043030482453E-06	-0.000325741964755801	0.0127020752577287
 69.0773067331671	-7.04131142458514E-06	6.64451071165326E-06	1.44536389942434E-06	-0.000309525843379072	0.0123484569160047
 69.3266832917706	-9.32517689117541E-06	1.64996515618272E-06	4.85739305027235E-06	-0.000298161145509737	0.0120070536594238
 69.5760598503741	-7.88981750217134E-06	1.89803236415082E-06	3.1513701643526E-07	-0.000279195587545741	0.0116755463187535
 69.8254364089776	-1.00107862191704E-05	-4.13331121644662E-06	-1.61366559938507E-06	-0.000258104496978042	0.0113493052219933
 70.0748129675811	-1.45273878973804E-05	-4.93342551139811E-06	9.51372569237467E-07	-0.000247448753530332	0.0110312915255718
 70.3241895261845	-1.11909330580085E-05	-5.35920171483045E-06	5.09158821747727E-06	-0.000237104547655617	0.0107230889004124
 70.573566084788	-8.0545846614262E-06	-7.19443364144564E-06	9.79470229965991E-06	-0.000229017108739295	0.0104195015796103
 70.8229426433915	-9.28391802692867E-06	-6.320546115064E-06	1.03943964150926E-05	-0.000218438676050262	0.0101285435139693
 71.072319201995	-1.08740046040037E-05	-1.23760481686078E-05	1.25397580190043E-05	-0.000209954195279777	0.00984102317327354
 71.3216957605985	-8.57041824247204E-06	-1.3919828874067E-05	1.24628103241964E-05	-0.000199027916576533	0.00955857139102712
 71.571072319202	-5.45776755710594E-06	-1.28409238372746E-05	9.27900692135583E-06	-0.00018947884608699	0.00928160078088211
 71.8204488778055	-1.50180098028358E-06	-1.17180377504523E-05	6.0624078896992E-06	-0.000186307805439616	0.00901697491740516
 72.069825436409	6.75352254545001E-07	-1.18596111743781E-05	1.57406607475657E-06	-0.000178494375711231	0.00875271977726108
 72.3192019950125	-1.43325537230849E-06	-1.13192518952174E-05	4.80800846369434E-06	-0.000170448102257201	0.00849952938369985
 72.568578553616	-3.92941278383242E-06	-9.64294664481701E-06	4.31730394474431E-06	-0.000161296200650069	0.00825328953075966
 72.8179551122195	-7.79456228368181E-06	-1.09240846188043E-05	1.37406110354546E-05	-0.000150379825111588	0.00801253417798039
 73.067331670823	-6.57863273260563E-06	-1.20586413739723E-05	6.4747960418333E-06	-0.000138287398679908	0.00778137977687917
 73.3167082294264	-5.12902657268544E-06	-8.5596982590505E-06	7.45569780028273E-06	-0.000129996144217616	0.00755356558072708
 73.5660847880299	-4.66743670954147E-06	-5.31014080869362E-06	1.21518429858091E-06	-0.00012366164057388	0.00733365134077944
 73.8154613466334	-5.63064088469987E-06	-3.57898393121762E-06	2.93568674753213E-06	-0.000121510503245395	0.00711375135873378
 74.0648379052369	-5.65605648189335E-06	-1.31011195112892E-06	5.09866440205659E-06	-0.000114437096870263	0.0069005772582412
 74.3142144638404	-4.56682885075638E-06	1.20535123786601E-06	6.75252684889121E-06	-0.000112610425913557	0.00669282598581788
 74.5635910224439	-1.0021253318145E-05	-6.10626304699839E-07	5.63290131990445E-06	-0.000108381162251163	0.00649242378279927
 74.8129675810474	-5.40151293913013E-06	4.4444048923437E-06	8.81189115681593E-06	-0.000102247532902924	0.00629907454796409
 75.0623441396509	-7.43470081434055E-06	6.28608906973376E-06	7.25639768510005E-06	-9.52304074592005E-05	0.00611346829350198
 75.3117206982544	3.11966361384945E-06	2.7278531216135E-06	5.11275476547238E-06	-9.36749283036967E-05	0.00593477017112586
 75.5610972568579	4.60657417721775E-06	-2.66059870114011E-06	9.39759548774931E-06	-9.45505760758529E-05	0.00575450998259231
 75.8104738154614	3.33509571244527E-06	-3.51448209570948E-06	8.94727049506678E-06	-8.78761230836614E-05	0.00558261423305698
 76.0598503740648	-7.698880162071E-07	2.02344300179047E-06	6.06208155508686E-06	-8.50688347165125E-05	0.00541486690382941
 76.3092269326683	-1.83873323361745E-06	2.74469571825064E-06	5.75644626703448E-06	-8.0819121979926E-05	0.00524814995714967
 76.5586034912718	5.49382769473986E-07	-7.50286830380409E-07	2.8169777860236E-07	-8.25026559947606E-05	0.00508941757519709
 76.8079800498753	3.71243501556891E-06	-4.07845299596027E-06	1.4010995610218E-06	-8.0334849683823E-05	0.00493534597152591
 77.0573566084788	5.04230606040943E-06	-3.84963139496849E-06	4.76880139634794E-06	-7.79355229004686E-05	0.00478792144775318
 77.3067331670823	6.66738074074998E-06	-4.46146715509647E-07	6.15908741383602E-06	-7.06955483234498E-05	0.00463633295590388
 77.5561097256858	7.17809563029659E-06	1.55295247254697E-06	1.02327346596055E-05	-6.79239380408586E-05	0.00449612156750801
 77.8054862842893	3.49177037647407E-06	5.71865213039483E-06	8.0814609130894E-06	-6.95585227907385E-05	0.00436045578234468
 78.0548628428928	-1.38769506492494E-06	1.11445529035294E-06	6.77641635539349E-06	-6.34892570941703E-05	0.00422612482610809
 78.3042394014963	-9.07198170116928E-06	-2.24257177582184E-06	8.71414129391379E-06	-6.59217179316843E-05	0.0040920840862146
 78.5536159600997	-3.30393189996185E-06	-7.31579671897493E-06	8.39341635376511E-06	-6.3039032388487E-05	0.00396591016401285
 78.8029925187032	2.31338215824881E-06	-2.77995859937593E-06	8.16733788534565E-06	-5.84190385758104E-05	0.00384109343128104
 79.0523690773067	4.55366332778408E-06	-5.26031616420574E-06	4.65746252839666E-06	-5.06576928198333E-05	0.00372177483612694
 79.3017456359102	3.9297115876059E-06	-5.36042440348927E-06	4.06225891162123E-06	-3.87823562294596E-05	0.00360663162222133
 79.5511221945137	-1.00500891775672E-06	-4.45774827958263E-06	5.03997209063265E-06	-3.83105352623533E-05	0.00349109081408163
 79.8004987531172	-3.37434816303383E-06	-3.97619425236809E-06	9.4468403502127E-06	-4.40370036299801E-05	0.00338278235691699
 80.0498753117207	-2.04798061985127E-07	-1.8671302440989E-06	7.02176739083903E-06	-4.2015480888484E-05	0.00327624099774553
 80.2992518703242	-1.01163286555025E-07	-6.36425856182794E-06	4.17569412878659E-07	-3.34254866298843E-05	0.00317447691227623
 80.5486284289277	-5.22013883315348E-07	-9.06115862721896E-06	-5.45099586816247E-06	-3.5078978512098E-05	0.0030769718390304
 80.7980049875312	-3.37742061292089E-06	-7.64558422581061E-06	-5.20629570738019E-06	-3.72068071343173E-05	0.00298048769181444
 81.0473815461347	2.56630589913101E-06	-9.36195859891229E-06	-3.25159867636199E-06	-3.46206313908564E-05	0.00288412272137631
 81.2967581047382	4.23237779636638E-06	-1.35691464713075E-05	-4.35452528680463E-06	-3.23530409647366E-05	0.00279333920187472
 81.5461346633416	3.38701566837327E-06	-1.02249830531837E-05	1.19040264490077E-06	-2.76565292761162E-05	0.00270204978207119
 81.7955112219451	-2.18243386027823E-06	-1.14498410830822E-05	5.25973736676218E-06	-2.54526360278243E-05	0.00261178070907314
 82.0448877805486	5.9016018959432E-06	-9.46494593625633E-06	1.01205385734639E-05	-2.40113208815002E-05	0.00252434986173629
 82.2942643391521	1.41052758872144E-06	-5.02119790619292E-06	9.15066118688079E-06	-2.34652895298909E-05	0.00244647346521791
 82.5436408977556	-2.3004101341036E-07	-2.90128641322364E-06	6.80290931066337E-06	-2.55381462199226E-05	0.00236911384952645
 82.7930174563591	-1.1430782052726E-06	-7.55087046811198E-06	1.0219868427298E-05	-2.37437622038937E-05	0.00229037712794058
 83.0423940149626	2.14506177530106E-06	-5.42405090537139E-06	1.07516077639682E-05	-1.92202925168777E-05	0.0022187686637606
 83.2917705735661	-8.12390146614087E-07	-4.45321327619095E-06	9.66012204687422E-06	-1.8204975073707E-05	0.00214826837808727
 83.5411471321696	-4.64244565564507E-06	-2.69945663795636E-06	9.30917912767005E-06	-1.43274183042014E-05	0.00207216894446575
 83.7905236907731	-8.65827973107558E-06	8.23446717894537E-08	1.50035165091212E-05	-1.11370310150993E-05	0.00200466195319621
 84.0399002493766	-3.69752294911947E-06	3.93649844237462E-06	1.69970744273117E-05	-9.04741196686269E-06	0.00193919891751957
 84.2892768079801	-4.96654367787789E-06	3.74355904476916E-06	1.7117523893246E-05	-1.17871430127583E-05	0.00188023237107343
 84.5386533665835	4.24099035803795E-07	7.791878042755E-06	1.30535834383359E-05	-1.18122071662095E-05	0.00181918557064987
 84.788029925187	-7.09956408839621E-07	7.0142229541667E-06	4.30532714361421E-06	-1.07806243593372E-05	0.00176462781404411
 85.0374064837905	6.20600505837179E-08	6.81277689100044E-06	3.81122719465207E-06	-6.29078378135958E-06	0.00170108345169024
 85.286783042394	2.10198708590274E-06	5.10720167111577E-06	7.352512601734E-06	-2.12052283468337E-06	0.00163682080378721
 85.5361596009975	1.27749628491331E-06	1.46337948185442E-06	8.944661553222E-06	-1.02129053447592E-06	0.00158012668026323
 85.785536159601	-4.36095464134563E-06	-3.86142417041905E-06	8.40484072097725E-06	-8.9769417296114E-06	0.00152203916703985
 86.0349127182045	-7.51624760585836E-06	1.98648495374929E-06	8.64602685103914E-06	-9.86438772301849E-06	0.00146817120428092
 86.284289276808	-6.03712849045928E-06	4.30359112113108E-06	1.33898041233605E-05	-1.16960520949756E-05	0.0014180775783725
 86.5336658354115	-5.59815400964158E-06	1.16643872624137E-07	1.34587278597642E-05	-9.77223804640871E-06	0.00136932450661051
 86.783042394015	-4.85450494404102E-06	-2.3084624348969E-07	1.13843244039855E-05	-8.75104354612738E-06	0.00132286975151142
 87.0324189526185	2.15664623721994E-07	1.61252780575848E-06	9.35317004571961E-06	-1.00192480720421E-05	0.00127547987800098
 87.2817955112219	-9.86390156705251E-07	-1.30365504061349E-06	7.18591403017499E-06	-7.5772514159038E-06	0.00123007407754966
 87.5311720698254	-4.62379358123211E-06	1.33077310923655E-06	7.36488679871934E-06	-1.00631053566447E-05	0.00118880422361482
 87.7805486284289	-3.44536694837938E-06	5.80312054070474E-06	1.1908121971102E-05	-9.72941021840698E-06	0.00115329392543055
 88.0299251870324	-1.14114996276863E-06	4.62299153363512E-06	1.47882550357312E-05	-1.25497739305277E-05	0.00111977990300276
 88.2793017456359	1.04733351390155E-06	1.8096869286013E-06	1.64151313851192E-05	-6.90392432836344E-06	0.00107860959639582
 88.5286783042394	5.01660172731924E-06	2.66362063386796E-06	1.60203381448178E-05	-1.38530245525159E-06	0.00103567091846972
 88.7780548628429	1.12761217126783E-06	2.53249662526995E-06	1.36681674291656E-05	-4.21505332727151E-06	0.00100335655924752
 89.0274314214464	4.39326770521187E-06	-9.42842379621373E-07	1.00246325802217E-05	-7.07902394763429E-06	0.000964253995009118
 89.2768079800499	3.69374706678834E-06	-6.48954393671927E-06	6.32674663765318E-06	-8.90244968465712E-06	0.000928065654341777
 89.5261845386534	5.24896706425971E-06	-5.25419274652273E-06	9.14531428729291E-06	-1.15688860923493E-05	0.00089029342151855
 89.7755610972569	2.87798023432182E-06	-5.65277012746564E-06	1.30494763224825E-05	-8.35575019492766E-06	0.000853861162635386
 90.0249376558604	-1.09190491519326E-06	-2.33206729545653E-06	1.3738523312543E-05	-7.64698261190705E-06	0.000823225175332032
 90.2743142144638	3.66115001686912E-06	-1.84141476961933E-07	1.19455365612235E-05	-3.72083296315644E-06	0.000789194514259403
 90.5236907730673	7.68116878633798E-06	3.96080849377544E-06	8.2961996652661E-06	-7.04625841044118E-06	0.00075588730622819
 90.7730673316708	8.93152382418861E-06	5.27826015832358E-06	9.2069347022043E-06	-5.53794002712973E-06	0.000717939172595123
 91.0224438902743	5.28892945503825E-06	5.50032478578983E-06	4.28900420680157E-06	-1.29528799729546E-06	0.000692207092858752
 91.2718204488778	-3.48440177762222E-06	6.81020107016714E-06	1.64783718100361E-06	4.7676528706258E-06	0.000669306353421795
 91.5211970074813	-4.11720039274499E-06	1.40817882078606E-06	-4.83655252237964E-06	-1.42264111756851E-06	0.000640045512443189
 91.7705735660848	-2.92243925953282E-06	1.16273751355787E-06	-5.2106081489091E-06	-4.18773447505159E-06	0.000606248683887251
 92.0199501246883	-1.98560856969902E-06	1.49116781422324E-06	-4.80276917956438E-06	-4.48579295735015E-06	0.000582741774914271
 92.2693266832918	-1.62220648670322E-07	6.58069354392878E-07	-8.99085497199949E-06	1.34836244017896E-06	0.000562184920587305
 92.5187032418953	-3.07877011755738E-06	-4.36864078092055E-07	-8.43202296300226E-06	1.07305962053299E-06	0.000541054337194988
 92.7680798004988	1.29054413638517E-06	9.23809090692867E-07	-4.13772698960105E-06	-2.4480235002445E-06	0.00051677276849908
 93.0174563591023	-1.35481399623497E-06	-1.56691157228767E-06	-4.16794349599019E-06	-7.22556459761706E-06	0.00048896566555465
 93.2668329177057	-6.86527204963987E-07	-1.14190512051748E-06	-8.33001700402335E-06	-7.87790110259341E-06	0.000473786366488101
 93.5162094763092	-1.94315437433104E-06	-3.17573312396029E-06	-1.11157136278162E-05	-6.79218811917972E-06	0.000462961138669467
 93.7655860349127	2.48688019367069E-06	-3.86195923470342E-06	-1.10559423215673E-05	-4.27462747659319E-06	0.0004428267111015
 94.0149625935162	1.20921884721112E-06	-5.37587697191399E-06	-1.20916318635562E-05	-5.89234438444241E-07	0.000417596593632018
 94.2643391521197	1.08648741597829E-06	-6.31800187896528E-06	-1.01728236486336E-05	-4.34381097817146E-06	0.000390961906824872
 94.5137157107232	2.32133756495657E-06	-1.39147784885901E-06	-9.45639704968856E-06	-3.34597114988949E-06	0.000371136992859621
 94.7630922693267	4.60634840128488E-06	1.6087474754653E-07	-8.68025374197339E-06	4.87629895664317E-06	0.000345856545929365
 95.0124688279302	-1.01313706050735E-06	-4.17815644801573E-07	-7.14580597995932E-06	1.228259695611E-05	0.000319798433565479
 95.2618453865337	-3.50209235535181E-06	-6.02864301303478E-06	-7.86318649488306E-06	7.58898250947786E-06	0.000297474652540932
 95.5112219451372	5.4813688907249E-07	-6.64695055462665E-06	-7.91790595726014E-06	-7.9477535825146E-07	0.000278887791896043
 95.7605985037407	4.27340115799213E-06	-5.58341537291186E-06	-1.77491725647059E-06	-3.315784488056E-06	0.000261384872275922
 96.0099750623441	1.63249675352253E-06	-4.52452249688136E-06	-3.1103029076008E-06	6.75047112430117E-06	0.000235287656980041
 96.2593516209476	-6.64259942724231E-07	-9.17743029854189E-06	-6.23818702289969E-06	5.78707340305324E-06	0.000218641202155832
 96.5087281795511	-6.67676455587858E-07	-8.34985628715739E-06	-7.37818702116185E-06	1.02744718171395E-06	0.000202995523577051
 96.7581047381546	-4.83866867298159E-06	-2.17882058895463E-06	-5.41110956116107E-06	1.89973987940852E-07	0.000192962514607554
 97.0074812967581	1.83560434168647E-06	1.76438843957076E-06	-3.49873140101333E-06	6.86818659784625E-06	0.000176732354959707
 97.2568578553616	1.36861493362196E-06	-5.03106772389061E-07	-4.15272839541738E-06	6.96976527091637E-06	0.000157900954006102
 97.5062344139651	1.04264810468547E-06	-5.77252130438276E-06	-1.1541297479513E-05	1.44603941691477E-06	0.000146083717873578
 97.7556109725686	-1.59075453611687E-06	-1.02457184004956E-05	-1.55307860505479E-05	3.16597756177657E-07	0.000136635476576149
 98.0049875311721	-2.12571121546998E-06	-1.04419223841633E-05	-1.465959441741E-05	3.99809409625788E-07	0.00012153352090779
 98.2543640897756	1.4725418371561E-07	-4.89510872966288E-06	-1.43854811593286E-05	2.58330168077583E-06	0.000104816552768304
 98.5037406483791	-2.84045635628058E-07	9.16638001716682E-07	-1.25844885455176E-05	-1.15343103325222E-06	9.29369001330724E-05
 98.7531172069826	-6.41151720653817E-06	-3.66741825160377E-06	-1.39968290351482E-05	-4.51806150535582E-06	7.38637496148609E-05
 99.002493765586	-8.2448506835372E-06	-1.30032697386473E-06	-1.75525598002796E-05	-5.82850628827699E-06	5.80853227134255E-05
 99.2518703241895	-4.0446631218561E-06	8.14540761832031E-07	-1.63303629874395E-05	-4.72208172062994E-06	4.07154170946182E-05
 99.501246882793	2.79008187948333E-06	-4.88940873590682E-07	-9.36013368448825E-06	-1.74920012473186E-06	2.41494685605219E-05
