0	0.97000436	-0.24308753	0.466203685	0.43236573	-0.97000436	0.24308753	0.466203685	0.43236573	0	0	-0.93240737	-0.86473146	
0.01	0.974606043715216	-0.238749018271611	0.454160286584674	0.435303180018393	-0.965281426172866	0.247395647317005	0.47841022239071	0.429222603696558	-0.00932461754235019	-0.00864662904539407	-0.932570508975384	-0.864525783714952	
0.136904009751696	1.02315810824569	-0.1817902072347	0.3152257257305	0.458595808663317	-0.89414565950674	0.298393415566367	0.646534021132025	0.366758443962285	-0.129012448738953	-0.116603208331667	-0.961759746862525	-0.825354252625601	
0.269905201805509	1.05677478588471	-0.120171620500301	0.193852964928657	0.466206021516384	-0.795451569188332	0.339467009864806	0.837980323213053	0.237875562064571	-0.261323216696377	-0.219295389364504	-1.03183328814171	-0.704081583580955	
0.402136010840904	1.07541627082179	-0.058418213613723	0.0902144109570485	0.467317223028847	-0.672947338769407	0.357860248973688	1.00678808558033	0.0263594190358825	-0.402468932052388	-0.299442035359964	-1.09700249653738	-0.49367664206473	
0.524789925405672	1.08101513188029	-0.00110692236894087	0.00168661475640305	0.467209952378849	-0.543108047255125	0.345810914861926	1.09625454947329	-0.228452596714278	-0.537907084625163	-0.344703992492985	-1.09794116422969	-0.238757355664572	
0.64744383997044	1.07583551960171	0.0562038497882895	-0.0867059225491425	0.467316228035062	-0.407673096508911	0.301760064130641	1.09843959793056	-0.484613030199504	-0.668162423092803	-0.357963913918931	-1.01173367538142	0.0172968021644418	
0.773935490894234	1.05876034711483	0.115285650590628	-0.185132505980064	0.466431057356637	-0.272169927411998	0.226602741129808	1.03795369424324	-0.6906682677951	-0.786590419702834	-0.341888391720436	-0.852821188263179	0.224237210438463	
0.912150152979239	1.02480413844317	0.17937461514104	-0.309990565149727	0.459133402615762	-0.134085727358285	0.120938995681212	0.963946243826496	-0.82220994928548	-0.890718411084886	-0.300313610822252	-0.653955678676768	0.363076546669718	
1.06631419537979	0.964324945298034	0.24825170306978	-0.480862980216892	0.428568699345834	0.0111793780889065	-0.0103744978619302	0.932628501029012	-0.86444716507589	-0.975504323386941	-0.23787720520785	-0.451765520812118	0.435878465730057	
1.20866365393498	0.882655571357568	0.304681741392291	-0.671240612522338	0.354130849745658	0.145842378230376	-0.130909426763884	0.969260154800659	-0.814425238635925	-1.02849794958794	-0.173772314628407	-0.29801954227832	0.460294388890267	
1.3410886168484	0.781120155689529	0.343293705565783	-0.861790164234886	0.215656203640736	0.278796067856277	-0.230993676112958	1.04164206126114	-0.682219791460636	-1.05991622354581	-0.112300029452825	-0.179851897026255	0.4665635878199	
1.47265554808592	0.656505250077123	0.358036572809592	-1.02325024279395	-0.00494587830286664	0.420263661103851	-0.307196897380318	1.10149452233571	-0.4623751920763	-1.07676891118097	-0.0508396754292742	-0.078244279541754	0.467321070379166	
1.59551266852004	0.525084832946146	0.341775459109018	-1.1015010769927	-0.264052991571503	0.555847760515605	-0.34834163145451	1.09148990473892	-0.203169566388225	-1.08093259346175	0.00656617234549209	0.0100111722537851	0.467222557959728	
1.71836978895416	0.38947979356354	0.2934586893713	-1.09301766708487	-0.515923936049044	0.68479632245627	-0.357433506811364	0.99394776790847	0.0486008140332506	-1.07427611601981	0.0639748174400629	0.0990698991763994	0.467323122015793	
1.84588045508126	0.253968731738227	0.214243757575886	-1.02766300570684	-0.712869827507042	0.801378787101084	-0.337758705133025	0.827775511767443	0.24683042648461	-1.05534751883931	0.123514947557138	0.199887493939399	0.466039401022433	
1.98576580410339	0.115559512333051	0.104982238404294	-0.956273008197878	-0.83312151082053	0.903052527608856	-0.293209363486426	0.626872250614932	0.376082589322298	-1.01861203994191	0.188227125082132	0.329400757582947	0.457038921498232	
2.14219116363659	-0.0313069914304381	-0.0289710401102862	-0.934271914641441	-0.862405970231108	0.984946932824507	-0.228452948101633	0.426434863642034	0.441456201797051	-0.953639941394068	0.257423988211919	0.507837050999408	0.420949768434057	
2.28230562270525	-0.1646731940763	-0.146492529124808	-0.978437966652342	-0.800602162923551	1.03405525231193	-0.164899383673992	0.279464735184265	0.461847364498971	-0.869382058235627	0.3113919127988	0.698973231468078	0.33875479842458	
2.41428873409189	-0.298589857384179	-0.243602012431549	-1.05251882817001	-0.65590071513903	1.06314599153105	-0.103526521488457	0.164505303219545	0.466842942651169	-0.764556134146866	0.347128533920006	0.888013524950464	0.18905777248786	
2.54538162990064	-0.440609473820264	-0.315335687401836	-1.10528047033053	-0.425551677948744	1.0780647961758	-0.0422774104983997	0.0647967722920793	0.467297313508037	-0.637455322355538	0.357613097900235	1.04048369803845	-0.0417456355592935	
2.6737855375961	-0.581893998011448	-0.352538424575032	-1.07920098015214	-0.151330092690595	1.08046774590135	0.0177181731366403	-0.027095745998867	0.467237714260001	-0.498573747889902	0.334820251438392	1.10629672615101	-0.315907621569406	
2.79694642858979	-0.708615508280026	-0.355653985701072	-0.965932647946039	0.0924264953874639	1.07163045853976	0.0752708651005725	-0.117367497324703	0.467287460235209	-0.363014950259728	0.280383120600499	1.08330014527074	-0.559713955622674	
2.92620303647749	-0.822457179411558	-0.33085367399933	-0.790273061735407	0.277561681145939	1.04983823120888	0.135584821500219	-0.222209818914336	0.465244173066324	-0.227381051797319	0.195268852499111	1.01248288064974	-0.742805854212263	
3.06910544607589	-0.920693107569853	-0.281944317902175	-0.586885838945398	0.393354170355688	1.00859104338235	0.201398546046796	-0.359614717434338	0.453143334360268	-0.0878979358124955	0.0805457718553781	0.946500556379737	-0.846497504715957	
3.22888463869252	-0.998173419750715	-0.213940707497977	-0.389729721169637	0.448424540415899	0.936492273066195	0.270802260576095	-0.549722698639842	0.407354669718292	0.0616811466845217	-0.0568615530781184	0.93945241980948	-0.855779210134191	
3.36614430894232	-1.04190659141149	-0.151128660397363	-0.251982731713217	0.463745984186516	0.848076110275922	0.320971424564948	-0.741744393465975	0.312255836326873	0.193830481135569	-0.169842764167585	0.993727125179193	-0.77600182051339	
3.50340397919211	-1.06838898105404	-0.0871655047075542	-0.136922283532697	0.467178417212683	0.732789720668275	0.352746540007931	-0.934312216234499	0.135374376038444	0.335599260385767	-0.265581035300378	1.0712344997672	-0.602552793251128	
3.63518091316989	-1.07990097566839	-0.0255870520911599	-0.0391233965867046	0.467257266254166	0.599958768072435	0.35478000610609	-1.06849136885945	-0.115442915607223	0.479942207595961	-0.329192954014931	1.10761476544616	-0.351814350646944	
3.76054673004344	-1.07919691955303	0.0329883989358765	0.0504331237381493	0.467274207944338	0.462581362893517	0.323382960696062	-1.10742899426061	-0.38471417153301	0.616615556659513	-0.35637135963194	1.05699587052246	-0.0825600364113296	
3.88465527639215	-1.06726072349225	0.0909819683760219	0.143209629361827	0.467115345598937	0.327037925254782	0.260672577932717	-1.0671423458031	-0.615331477097682	0.740222798237471	-0.35165454630874	0.923932716441271	0.148216131498744	
4.01687358402063	-1.04114351400145	0.152577960474918	0.254725461064917	0.463566271868037	0.190882896151119	0.167509990535504	-0.992155261730617	-0.778631727708699	0.850260617850332	-0.320087951010424	0.7374298006657	0.315065455840661	
4.16411106313254	-0.993018415450828	0.219799424562215	0.404212135280711	0.445826404780622	0.0495310939836914	0.0457418279422376	-0.937008169118678	-0.858932399275684	0.94348732146714	-0.265541252504454	0.532796033837968	0.413105994495062	
4.3162834049836	-0.917518500531779	0.284101137384013	0.594179576469447	0.390354127966096	-0.0929651029199101	-0.0850717885343184	-0.948143113720194	-0.844281356067434	1.01048360345169	-0.199029348849696	0.353963537250748	0.453927228101338	
4.4512391277756	-0.824487459002695	0.330183930987501	0.786512574448376	0.280396642212476	-0.224755800166939	-0.193333129106542	-1.01099714557675	-0.745542530234111	1.04924325916964	-0.136850801880961	0.224484571128372	0.465145888021634	
4.58572898567893	-0.706048454746433	0.355940428060307	0.96906414072264	0.0877667708559051	-0.365874711470524	-0.28184369898676	-1.08443310855115	-0.555064363072666	1.07192316621696	-0.0740967290735489	0.115368967828509	0.46729759221676	
4.70945411733541	-0.578424085917213	0.352087645127491	1.08101209573007	-0.158225045504167	-0.502113234339863	-0.335807791364645	-1.10582577051966	-0.309017374366248	1.08053732025708	-0.0162798537628477	0.0248136747895946	0.467242419870415	
4.83317924899188	-0.442235859340502	0.316004867153981	1.10546726134109	-0.422554962894901	-0.635910808159028	-0.357535617162137	-1.04174762009047	-0.0447525060615889	1.07814666749953	0.0415307500081544	-0.0637196412506156	0.46730746895649	
4.95806804865277	-0.306689745924499	0.248639819544992	1.05677679130005	-0.64467143252812	-0.757683437287735	-0.348525409871037	-0.898430957877541	0.177718978188717	1.06437318321224	0.0998855903260439	-0.158345833422503	0.466952454339403	
5.09229393756221	-0.17000457930228	0.150877329828218	0.981115948009984	-0.796403374129839	-0.865543958894494	-0.313211945246277	-0.70678495246559	0.334142148877964	1.03554853819678	0.162334615418057	-0.274330995544392	0.462261225251875	
5.24207162547214	-0.0273672390373683	0.025365618194086	0.933821243154612	-0.862982813244419	-0.955754708342646	-0.255633792812218	-0.502473015498005	0.422525206687392	0.983121947380019	0.23026817461813	-0.431348227656605	0.440457606557026	
5.38986402945701	0.111339222990095	-0.101270923348789	0.954635287336535	-0.83542621597144	-1.0171262217956	-0.190232618993986	-0.333870154561832	0.456506996355719	0.905786998805507	0.291503542342773	-0.620765132774702	0.378919219615721	
5.52370423697791	0.243249819560832	-0.206698991559514	1.02155209187339	-0.725328625620089	-1.05318294743398	-0.128376854009361	-0.208728015937343	0.465752077806213	0.809933127873151	0.335075845568873	-0.812824075936045	0.259576547813875	
5.65688821344698	0.384253717841448	-0.290948714548741	1.09128641042517	-0.524758727422843	-1.07375940371091	-0.0661999779119973	-0.102600478946732	0.467321914160562	0.689505685869469	0.357148692460736	-0.98868593147844	0.0574368132622805	
5.77986653002005	0.519948330438523	-0.340499290400358	1.10271994712192	-0.274140986292982	-1.08083738389504	-0.00873389587260447	-0.0132754690107394	0.467227230035812	0.560889053456526	0.34923318627296	-1.08944447811118	-0.193086243742831	
5.90284484659311	0.651851651473896	-0.357966730257484	1.02763789879251	-0.0138423892713426	-1.07706845119848	0.0487284700963082	0.0749789182501524	0.46731992957576	0.425216799724596	0.309238260161173	-1.10261681704266	-0.453477540304418	
6.02845810169357	0.771998385004382	-0.345445505397605	0.87635854324332	0.201179192022548	-1.0617016737448	0.107413847310575	0.171357744849151	0.466737987131294	0.289703288740423	0.238031658087027	-1.04771628809247	-0.667917179153843	
6.16453715856314	0.878020966871227	-0.307041802264396	0.680931205963401	0.34891917509733	-1.03044533369509	0.170632844273216	0.291487260732987	0.460881904170708	0.152424366823871	0.136408957991177	-0.972418466696386	-0.809801079268038	
6.31644501991005	0.965604679337438	-0.247033798085951	0.477430383188569	0.429496732275629	-0.974186804844372	0.239070954536008	0.455141520619614	0.435093330123479	0.00858212550694141	0.00796284354993979	-0.932571903808181	-0.864590062399109	
6.46137605456928	1.02272749803287	-0.182307224795651	0.316381022388529	0.458490543967002	-0.894842366089673	0.297938803786247	0.644930758317491	0.367576928807487	-0.127885131943191	-0.115631578990598	-0.961311780706019	-0.826067472774489	
6.59442353738062	1.05649259659922	-0.120673661354652	0.194767519544832	0.466197143514754	-0.796325834511285	0.339174154367021	0.836452438647559	0.239294736618426	-0.260166762087925	-0.218500493012371	-1.03121995819239	-0.705491880133181	
6.72669147165348	1.07524967843315	-0.0589019190062822	0.0909821522299128	0.467333919590523	-0.67396337555109	0.357801391513609	1.00572766373475	0.0283662956257218	-0.401286302882055	-0.298899472507329	-1.09670981596466	-0.495700215216245	
6.84931929150843	1.08093936861009	-0.00160068549430639	0.00242959760119679	0.467226363886922	-0.544240013103593	0.346024515725436	1.09591327444087	-0.22614146227707	-0.53669935550649	-0.344423830231132	-1.09834287204206	-0.241084901609852	
6.97194711136338	1.0758535306422	0.0556997632379805	-0.085927214669887	0.46733187948464	-0.408829508034201	0.30225648233838	1.09881043430385	-0.482554275952513	-0.667024022607993	-0.357956245576363	-1.01288321963396	0.0152223964678725	
7.09836154937812	1.0588954957424	0.114748483603831	-0.184209937978629	0.466469102472581	-0.27333497198051	0.227371169805118	1.03867226356392	-0.689193621711398	-0.785560523761887	-0.342119653408951	-0.854462325585286	0.222724519238817	
7.23641626639776	1.02512691536755	0.178774317703137	-0.30874319876184	0.459275812154933	-0.135313771908343	0.121985215858769	0.964544015466172	-0.821445252142045	-0.889813143459201	-0.300759533561909	-0.655800816704331	0.362169439987112	
7.39040816831078	0.964943858020551	0.247618538794178	-0.479121349401762	0.429053969536885	0.00983926524967558	-0.0091287303792706	0.932628498429501	-0.864539036408894	-0.974783123270219	-0.23848980841491	-0.453507149027738	0.435485066872009	
7.53290115034984	0.883445865190235	0.304207280207857	-0.669455832595779	0.35510637199381	0.144597166145433	-0.129854957974976	0.968741761599339	-0.815298867118896	-1.02804303133566	-0.174352322232885	-0.299285929003559	0.460192495125085	
7.66534345863286	0.782132363136931	0.342999384269177	-0.860088480107443	0.217349498373611	0.277484944122846	-0.2301211284831	1.04098231127155	-0.683904042569996	-1.05961730725977	-0.11287825578608	-0.180893831164106	0.466554544196385	
7.79693164457244	0.657689701613155	0.358014348113157	-1.02211444629848	-0.00258511632036339	0.418910087594348	-0.306607249448119	1.1012626771415	-0.46475113744842	-1.07659978920749	-0.0514070986650421	-0.0791482308430171	0.467336253768783	
7.91975278465769	0.526397319853862	0.342071601896173	-1.10121337205415	-0.261409453802239	0.554474424610393	-0.348055457736997	1.09209268957006	-0.205827683374276	-1.08087174446425	0.00598385584082051	0.00912068248408749	0.467237137176515	
8.04257392474295	0.390816178313391	0.294077651181619	-1.09350519304299	-0.513638944549806	0.683513182343116	-0.357455100421494	0.995383046424172	0.0462993589165444	-1.0743293606565	0.0633774492398709	0.0981221466188222	0.467339585633262	
8.16998354535911	0.255323325713206	0.215175008419284	-1.02847803517975	-0.711282411199889	0.8002243959943	-0.338049110988094	0.829730242871577	0.245192546527631	-1.0555477217075	0.122874102568806	0.198747792308169	0.466089864672258	
8.30969393604957	0.116982618914428	0.106213801109738	-0.956859994837395	-0.832375801722816	0.902060457382672	-0.2937342859218	0.628991058712659	0.375143675263161	-1.01904307629709	0.187520484812058	0.327868936124737	0.457232126459655	
8.46592224411218	-0.0297363630689505	-0.027531379521899	-0.934111630840685	-0.86267139688469	0.9841735365591	-0.229158967628952	0.428403958645197	0.441072014583125	-0.954437173490141	0.256690347150848	0.50570767219549	0.421599382301564	
8.60618175836409	-0.163173557053463	-0.145276796022253	-0.977709539491755	-0.801789149700828	1.03357160920538	-0.165569940850849	0.28092587839894	0.461753054856972	-0.870398052151912	0.310846736873099	0.696783661092816	0.340036094843856	
8.7381785004351	-0.296994643132207	-0.242618157142118	-1.05169228210982	-0.658084503014344	1.06284116647535	-0.104196074197186	0.165725236291861	0.466839346624494	-0.765846523343134	0.3468142313393	0.885967045817959	0.19124515638985	
8.86928613274829	-0.438953761807763	-0.31470504894087	-1.10506249687041	-0.428560619814505	1.07791144560553	-0.0429388184186665	0.0658788667276608	0.467312798462185	-0.638957683797759	0.357643867359533	1.03918363014275	-0.0387521786476797	
8.99783048893343	-0.580430072817697	-0.352335216891577	-1.07999543339086	-0.154194068115204	1.08044683741796	0.0171241182902442	-0.0261427972039809	0.467248221025649	-0.50001676460025	0.335211098601329	1.10613823059484	-0.313054152910445	
9.1209542050031	-0.707267339191279	-0.355778578178364	-0.967577741817181	0.0900425513746509	1.07173366197902	0.0746606952574258	-0.116334420806337	0.467300815572595	-0.364466322787729	0.281117882920934	1.08391216262352	-0.557343366947246	
9.25009685455126	-0.821258474719346	-0.331261673521088	-0.792408337584346	0.275921629592062	1.05010820623304	0.134925455148473	-0.220939151332374	0.465304010065335	-0.228849731513684	0.196336218372612	1.01334748891672	-0.741225639657398	
9.3928178739244	-0.91968661626985	-0.282593307933738	-0.589121315760891	0.392458783021462	1.00912530184188	0.200675186214543	-0.357888196645352	0.453392218433642	-0.0894386855720165	0.0819181217191914	0.947009512406244	-0.845851001455104	
9.55239763636418	-0.997412770717228	-0.214768962405219	-0.391761585509776	0.448081975651607	0.9374435654652	0.270071590579725	-0.547335013213409	0.408190324246566	0.0599692052520385	-0.0553026281745106	0.939096598723186	-0.856272299898174	
9.68978682491685	-1.04143133060239	-0.151924206424619	-0.253528887648318	0.463661100765508	0.84927909553877	0.320452453200705	-0.739310597359608	0.313857115127726	0.192152235063632	-0.16852824677609	0.992839485007927	-0.777518215893234	
9.82717601346951	-1.06812645437401	-0.0879052891348068	-0.138134076698656	0.467177838429454	0.734194459165031	0.352539645780293	-0.932331927219628	0.137867056251212	0.333931995208993	-0.26463435664549	1.07046600391828	-0.605044894680666	
9.95894182495822	-1.07978980316205	-0.0263308597689595	-0.0402406655299158	0.467269926104261	0.601582395425493	0.354958155145212	-1.06742288873908	-0.112184071581362	0.478207407736566	-0.328627295376257	1.10766355426899	-0.355085854522899	
10.0844100698594	-1.07921962054294	0.0322938805038119	0.0493924995468554	0.467284727905828	0.464152382169348	0.323935936052305	-1.10750573931672	-0.381731765146553	0.6150672383736	-0.356229816556121	1.05811323976986	-0.0855529627592749	
10.2084627272795	-1.06742468095892	0.0902631990032623	0.142044302518538	0.467140317462226	0.328610952495589	0.261589117274729	-1.06792038249338	-0.612994699447911	0.738813728463344	-0.351852316277995	0.925876079974844	0.145854381985685	
10.3405297313262	-1.04151093689252	0.151796244983319	0.253239349844405	0.463672722932623	0.192494356907456	0.168784250214717	-0.993037354467368	-0.777195640288579	0.849016579985073	-0.32058049519804	0.739798004622963	0.313522917355955	
10.487564551954	-0.993709441588133	0.218958511197838	0.402167566797843	0.446223122808859	0.0512416798827004	0.0473173852276678	-0.937329189096992	-0.858556995563141	0.942467761705444	-0.266275896425509	0.535161622299149	0.412333872754281	
10.6401141426334	-0.918329771116599	0.283511267722051	0.592235746196736	0.391180666902955	-0.0915931716706428	-0.0838458190487449	-0.94770491093069	-0.844913191997118	1.00992294278725	-0.19966544867331	0.355469164733955	0.453732525094163	
10.7751480123318	-0.825510257824381	0.329776028585054	0.784580781324538	0.281902851972896	-0.223373874888535	-0.192311313616334	-1.01023081463768	-0.747012551832965	1.04888413271293	-0.137464714968725	0.225650033313142	0.465109699860068	
10.9097337799868	-0.707220234591027	0.355802392401698	0.96761473688943	0.0899702212096209	-0.36449937942618	-0.281135624470288	-1.0839085793511	-0.557279052381239	1.07171961401722	-0.0746667679314138	0.116293842461675	0.467308831171618	
11.0335081006021	-0.579677059943701	0.352248341855521	1.08037841584103	-0.15566686361154	-0.500767493653935	-0.335423239182414	-1.10601467160077	-0.311590284910231	1.08044455359765	-0.0168251026731115	0.0256362557597409	0.467257148521771	
11.1572824212175	-0.443458095364045	0.316457696870059	1.10568220172501	-0.420265067135238	-0.634694037135711	-0.357467760361929	-1.04275348635454	-0.0470540006542923	1.07815213249977	0.0410100634918657	-0.0629287153704637	0.467319067789529	
11.2821098574383	-0.30791640840072	0.249380977853883	1.05747710326973	-0.642932059178591	-0.756574284801972	-0.348719190465787	-0.900039549505517	0.175954389671549	1.0644906932027	0.0993382126118992	-0.157437553764211	0.466977669507042	
11.4161936502499	-0.171275405246034	0.151908243606813	0.981823516565937	-0.795384004825292	-0.864560709630966	-0.313636804848817	-0.708685181349985	0.333021049711463	1.03583611487701	0.161728561241999	-0.273138335215952	0.462362955113829	
11.565800088798	-0.0287284684290821	0.0266292203740084	0.934016790049491	-0.862817519455229	-0.95495272534171	-0.25624554936238	-0.504329495088844	0.421990000630006	0.983681193770804	0.229616328988367	-0.429687294960647	0.440827518825223	
11.7137952534289	0.110149848570816	-0.100218521239701	0.954242700938601	-0.836063541381491	-1.01663930590924	-0.190800359138144	-0.335155030960928	0.456362759966556	0.906489457338439	0.29101888037784	-0.619087669977672	0.379700781414934	
11.8476792217273	0.242030656165613	-0.205815618112119	1.02092340844811	-0.726708927517232	-1.05286113064923	-0.128934265331428	-0.209748563563504	0.465728578219272	0.810830474483634	0.334749883443543	-0.811174844884604	0.260980349297959	
11.9809181294216	0.383021007205844	-0.290330271597326	1.09093302618514	-0.526794685650807	-1.07356904321592	-0.0667318613557919	-0.10344103685628	0.467334671376444	0.690548036010085	0.357062132953113	-0.987491989328861	0.0594600142743628	
12.1039180249115	0.518734566669111	-0.340162497891009	1.10304258958299	-0.276455689087199	-1.08074669428965	-0.00925378218231805	-0.0140462902938409	0.467243288331252	0.562012127620557	0.349416280073322	-1.08899629928915	-0.190787599244053	
12.2269179204013	0.650747259770592	-0.357905565867712	1.02868388331485	-0.0158709853980498	-1.07707084308754	0.0482205771152421	0.0742156300805885	0.4673360746014	0.426323583316961	0.309684988752465	-1.10289951339544	-0.45146508920335	
12.3524574050043	0.770990924049082	-0.345616948556254	0.87791619237095	0.19966271452677	-1.06181616339782	0.106874359900889	0.170466800821893	0.466773032403621	0.290825239348748	0.23874258865536	-1.04838299319284	-0.666435746930391	
12.4883824652888	0.877125666651096	-0.30742333629441	0.682725036238746	0.347982882080158	-1.03073509667897	0.17003135626542	0.290300014655481	0.461004726577531	0.153609430027889	0.137391980028984	-0.973025050894226	-0.80898760865769	
12.6401194314987	0.96488046715574	-0.247583014258313	0.479153354784677	0.429075325721046	-0.974753742579125	0.238429704900003	0.45348811702182	0.435509749217422	0.00987327542339645	0.00915330935830453	-0.932641471806496	-0.864585074938469	
12.7852173018203	1.02228090079617	-0.182816339128688	0.317599126848769	0.458386850810071	-0.89556216227117	0.297455026902947	0.643249050440036	0.3684254705499	-0.126718738524987	-0.114638687774264	-0.960848177288805	-0.826812321359972	
12.9182979091983	1.05619971983222	-0.121173646078913	0.195747940806494	0.466190295158229	-0.797245102970875	0.338854531032752	0.834823639006058	0.240784436885733	-0.258954616861333	-0.217680884953844	-1.03057157981255	-0.706974732043963	
13.0506060151049	1.07508104620477	-0.0593819243386192	0.0918080414462828	0.467351601915747	-0.675034111778936	0.35772793907231	1.00458429027002	0.0304778018830505	-0.40004693442582	-0.298346014733696	-1.09639233171631	-0.497829403798798	
13.1732105355147	1.08086855681458	-0.00208944244940661	0.00322752437661718	0.467241718815298	-0.545431859516003	0.346237400140475	1.0955239821348	-0.223705782566106	-0.535436697298564	-0.344147957691074	-1.09875150651142	-0.243535936249192	
13.2958150559245	1.07588304418748	0.0552017209995017	-0.0850935674078888	0.46734424685522	-0.410046138208769	0.30276630562833	1.09917224232122	-0.480376093898143	-0.665836905978699	-0.357968026627837	-1.01407867491333	0.0130318470429222	
13.4221539894787	1.059048956146	0.114217614939421	-0.183228244965172	0.466502016987947	-0.27455788691276	0.228165419651334	1.03940568912253	-0.687623886814734	-0.784491069233223	-0.342383034590761	-0.856177444157354	0.221121869826787	
13.5600387855936	1.02547955420372	0.178174951764568	-0.307416125659256	0.459413808889868	-0.136607112919969	0.123076071749734	0.965162253260918	-0.820610259326438	-0.888872441283741	-0.301251023514307	-0.657746127601662	0.36119645043657	
13.7138557111463	0.965607317723017	0.246984778909131	-0.4772744013963	0.429543768667288	0.00843242462514937	-0.00782826785411982	0.932621669078284	-0.864600389668292	-0.974039742348153	-0.239156511055017	-0.455347267681984	0.435056621001004	
13.8565102844797	0.884286206109525	0.303741194483758	-0.667562683224485	0.356100748441764	0.143298791045189	-0.128759478028585	0.968184004246524	-0.816176390742647	-1.0275849971547	-0.174981716455179	-0.30062132102204	0.460075642300883	
13.9889830323705	0.783199244876867	0.342721259014763	-0.858276953736851	0.21908459310546	0.276127187761998	-0.229220019539716	1.04026519547641	-0.685622170366535	-1.05932643263885	-0.113501239475053	-0.181988241739555	0.466537577261075	
14.1206060065361	0.658929876031765	0.358017238545299	-1.02088242174876	-0.000156199989780517	0.41751673459646	-0.306003448519376	1.10097563959148	-0.467190073436717	-1.07644661062821	-0.0520137900259289	-0.080093217842723	0.467346273426497	
14.2434026516535	0.527763481579572	0.342400775583672	-1.10085676309699	-0.258681305166772	0.553068337172002	-0.34776785788103	1.09266148747105	-0.208566445993716	-1.08083181875156	0.00536708229735186	0.00819527562593727	0.467247751160487	
14.3661992967709	0.392200036778776	0.294735274836874	-1.09395524460789	-0.511275283358968	0.6822068619823	-0.357485842234866	0.996811995550428	0.0439221055268066	-1.07440689876106	0.0627505673979853	0.0971432490574591	0.467353177832161	
14.4935188033704	0.256717275346283	0.216146472104931	-1.02927451480342	-0.709639002770849	0.799056970021478	-0.33835504949363	0.831695680314665	0.243499842177241	-1.05577424536775	0.122208577388693	0.197578834488753	0.466139160593607	
14.6330645436522	0.118437332298412	0.107483071860409	-0.957431317560065	-0.831600680892381	0.901064006516436	-0.294276992655577	0.631122901644018	0.374173675119683	-1.01950133881484	0.186793920795162	0.326308415916047	0.457427005772698	
14.7891040500892	-0.0281387942227128	-0.0260584188603744	-0.93392738303457	-0.862929763014489	0.983400961348964	-0.229882491457752	0.430379861960068	0.440674180664877	-0.955262167126239	0.25594091031812	0.503547521074502	0.422255582349611	
14.929517818608	-0.161651345904832	-0.144036022719366	-0.976945486323503	-0.802986746025712	1.03309260075502	-0.166255057422954	0.28238127525963	0.461654454443201	-0.871441254850174	0.310291080142314	0.694564211063873	0.34133229158251	
15.0615325492122	-0.29537603327523	-0.241614974586467	-1.05082349566134	-0.660294967323758	1.06254081123332	-0.104878497488478	0.166933295647661	0.466834456510593	-0.76716477795808	0.346493472074939	0.883890200013681	0.193460510813165	
15.1926594617609	-0.437274091662704	-0.314062216380545	-1.10480548202608	-0.431611728198446	1.0777612225265	-0.0436110723279729	0.0669440228043438	0.467327837426268	-0.640487130863779	0.357673288708512	1.03786145922173	-0.0357161092278225	
15.3213508142241	-0.578945377697295	-0.35212834720992	-1.08076598669372	-0.157102553578745	1.08042694122286	0.016522224403737	-0.0252120976508082	0.467258224569591	-0.501481563525552	0.335606122806176	1.10597808434453	-0.310155670990846	
15.4444396477333	-0.705898669455234	-0.355904821308695	-0.969213860752027	0.0876167129599083	1.07183479979942	0.0740436816546917	-0.115325302735063	0.467313449073281	-0.365936130344171	0.281861139653997	1.08453916348709	-0.55493016203319	
15.5734701718732	-0.820040015556866	-0.331675319745849	-0.794544490279226	0.274250007959349	1.05037235120354	0.134259983807028	-0.219694247213615	0.465362852085244	-0.23033233564666	0.197415335938813	1.01423873749284	-0.739612860044593	
15.7160102039605	-0.918660357860718	-0.283251007569559	-0.59136173740244	0.3915437121024	1.00964927283915	0.199945669588386	-0.35618961369044	0.453639278011587	-0.0909889149784191	0.083305337981166	0.94755135109288	-0.845182990113988	
15.8753899824086	-0.996631960754519	-0.215608170004325	-0.39379681068364	0.447730302467113	0.938379262464943	0.269333813658394	-0.544979332089719	0.409020572958371	0.0582526982895892	-0.0537256436540766	0.938776142773359	-0.856750875425485	
16.0129057270001	-1.04093567153709	-0.152732870100793	-0.255075222672742	0.46357363795863	0.850464582646863	0.319924720622094	-0.736909520682452	0.315450797425168	0.190471088890236	-0.167191850521308	0.991984743355195	-0.779024435383799	
16.1504214715916	-1.06784308623022	-0.0886596624198754	-0.139342579465999	0.46717829373574	0.735580107054649	0.3523224629179	-0.930386740175127	0.140346738664491	0.332262979175581	-0.263662800498032	1.06972931964113	-0.607525032400231	
16.2821685037023	-1.07965668945999	-0.0270925522222395	-0.0413552549251848	0.467285721407882	0.603190286373275	0.355123993340396	-1.06638483976764	-0.108939127110783	0.476466403086731	-0.328031441118163	1.10774009469282	-0.3583465942971	
16.4077296397909	-1.07922041930214	0.031577513000171	0.0483525427268153	0.467299844587029	0.465714463999545	0.324478134313716	-1.10761240209744	-0.378759130513893	0.613505955302613	-0.356055647313894	1.05925985937062	-0.0885407140731364	
16.5317155099123	-1.06756776311159	0.0895181309161728	0.140876165860145	0.46717107851525	0.330183274739921	0.262499118474249	-1.0687292036216	-0.610663540287727	0.737384488371678	-0.35201724939043	0.927853037761459	0.143492461772476	
16.6636193585726	-1.04186007413178	0.15098353657115	0.251745496539736	0.46378626156944	0.194113443340586	0.170059078627931	-0.993951575087292	-0.775764296262525	0.847746630791212	-0.321042615199088	0.742206078547558	0.311978034693084	
16.8104368969372	-0.994387994928355	0.218081036698074	0.400105599312316	0.446629586878083	0.0529695665495203	0.0489043299272635	-0.937680105134523	-0.85818995853241	0.941418428378849	-0.266985366625345	0.537574505822208	0.411560371654327	
16.9633679008999	-0.919130130393055	0.282888825022191	0.590282880823779	0.392020395543579	-0.0902113007047511	-0.0826145662249796	-0.947285121130481	-0.845565365821249	1.00934143109782	-0.200274258797219	0.357002240306703	0.453544970277669	
17.0984749965632	-0.826527069868182	0.329336177269287	0.78263990039034	0.283427879357419	-0.221979353296852	-0.191283479286127	-1.00947985665221	-0.748507693604826	1.04850642316505	-0.138052697983167	0.226839956261868	0.465079814247406	
17.2331526035282	-0.708390914288564	0.355634929718158	0.966160543847128	0.0921987660161339	-0.36310920207307	-0.280422897203738	-1.08340159223171	-0.559523502614633	1.07150011636165	-0.0752120325144282	0.117241048384587	0.467324736598498	
17.3569710697529	-0.580934464820935	0.352383520258394	1.07974654793891	-0.153077005277095	-0.499403868603692	-0.33503605429287	-1.10622787327202	-0.314197712900617	1.08033833342464	-0.0173474659655313	0.0264813253331137	0.467274718177712	
17.4807895359775	-0.444689504052334	0.316890819694996	1.10590882402834	-0.417941266813217	-0.633457646979852	-0.357400954579334	-1.04379457101748	-0.049390195176207	1.0781471510322	0.0405101348843297	-0.0621142530108539	0.467331461989423	
17.6055492828593	-0.309157191616894	0.250109844833862	1.05819715726235	-0.641158805966632	-0.755444266061108	-0.34891843541823	-0.901694594538269	0.174157477621635	1.06460145767802	0.0988085905843605	-0.15650256272408	0.467001328344997	
17.7394843498766	-0.172564367945148	0.15293562035249	0.982554410864754	-0.79433419805995	-0.863557609483339	-0.314072386455594	-0.710641077281566	0.331873874467169	1.0361219774285	0.161136766103096	-0.271913333583186	0.46246032359278	
17.8889114597765	-0.0301124792385665	0.0278999743038178	0.934230068745959	-0.862627917432783	-0.954134241580626	-0.256874138715276	-0.506248646438336	0.421436855180473	0.984246720819208	0.22897416441145	-0.427981422307621	0.44119106225231	
18.0371176072219	0.10894676415219	-0.0991632881940021	0.953851852381735	-0.836685345060359	-1.01614806143778	-0.191383172673201	-0.336487446668156	0.456211031259875	0.907201297285602	0.290546460867196	-0.617364405713577	0.380474313800484	
18.1710528308586	0.240804550795448	-0.204933490478878	1.02028468292572	-0.728075934053384	-1.05254287030002	-0.129504062394681	-0.210808051831801	0.465700592823076	0.81173831950459	0.334437552873551	-0.809476631093916	0.262375341230308	
18.3043545627004	0.381787595791007	-0.289716769923167	1.09055944344073	-0.52882208209271	-1.07338835138854	-0.0672729584318628	-0.104314744674622	0.4673440490263	0.691600755597546	0.356989728355022	-0.986244698766104	0.0614780330664094	
18.4273859479962	0.517528192001305	-0.339833885377097	1.10333979271737	-0.278764699199078	-1.08067002285604	-0.00977863477568565	-0.0148447880217463	0.467256428892708	0.56314183085475	0.349612520152775	-1.08849500469562	-0.188491729693631	
18.550417333292	0.649657666749919	-0.357853625431818	1.02970271419939	-0.0178968156242379	-1.07709010881487	0.0477120108114723	0.0734294003120474	0.467349605625192	0.427432442064964	0.310141614620338	-1.10313211451144	-0.449452790000955	
18.6758925577812	0.770003761112368	-0.345796283272729	0.879446569164674	0.19814634392317	-1.06194884866913	0.106338316689485	0.169557623243685	0.466805453745659	0.291945087556777	0.239457966583235	-1.04900419240836	-0.664951797668829	
18.8116742557048	0.876254714323927	-0.307809487553312	0.684490882278583	0.34704553262059	-1.03104235272912	0.169437808662451	0.289101315957555	0.461123560879955	0.154787638405216	0.138371678890853	-0.973592198236135	-0.808169093500545	
18.9632511541898	0.964182032045641	-0.248132605934143	0.480848120940119	0.428651864458095	-0.975334841644078	0.237800249754554	0.451831379929298	0.435916702380999	0.0111528095984558	0.0103323561795807	-0.932679500869415	-0.864568566839094	
19.108524080399	1.02185972629001	-0.183322521109175	0.318788763486525	0.458281190218662	-0.89629249071328	0.296984707315473	0.64156607737155	0.369256915882993	-0.125567235576706	-0.113662186206306	-0.960354840858072	-0.827538106101655	
19.241646765945	1.05593073507228	-0.121666850012495	0.196698287174616	0.466180958746208	-0.798168622135665	0.338548230833985	0.833191608688042	0.242245939760849	-0.257762112936593	-0.216881380821498	-1.02988989586266	-0.708426898507058	
19.3740041060643	1.07493356695923	-0.0598512788796056	0.0926017738706579	0.467366296898824	-0.676101891579138	0.357664941950646	1.00342716298584	0.0325536028985275	-0.398831675380076	-0.297813663071049	-1.0960289368565	-0.499919899797352	
19.4965955798501	1.08081517701035	-0.00256314892281192	0.00398931031320053	0.467253691185798	-0.546612335775426	0.346455164222382	1.09510838674842	-0.221306309230498	-0.534202841234906	-0.343892015299579	-1.09909769706162	-0.245947381955301	
19.6191870536359	1.07592479671748	0.0547230763389413	-0.0843015477245318	0.467352704900079	-0.411243855927719	0.303273379750954	1.09950028847827	-0.47822423131784	-0.664680940789744	-0.357996456089904	-1.01519874075374	0.0108715264177601	
19.7454632504771	1.05920696765956	0.113711537941257	-0.182298423049296	0.466529590386522	-0.27575253999958	0.228946485127541	1.04010718307478	-0.686069017754045	-0.783454427659956	-0.342658023068807	-0.857808760025484	0.219539427367523	
19.8831940956832	1.02582411964647	0.177606729268687	-0.306159980207162	0.459541127196487	-0.137860079171498	0.124140094507375	0.965761960293434	-0.819775260633426	-0.887964040474945	-0.301746823776071	-0.65960198008627	0.360234133436938	
20.0368514979952	0.966243206054429	0.246386204653849	-0.475526703148392	0.430005012919206	0.00707969613345448	-0.00656605054290539	0.932625831282844	-0.864635180501574	-0.973322902187861	-0.239820154110953	-0.457099128134449	0.434630167582367	
20.1796627666484	0.885087953911938	0.303302970283582	-0.665770911172629	0.357043625059057	0.142053052342478	-0.127692497512735	0.967658158469591	-0.816999778118452	-1.02714100625439	-0.175610472770857	-0.301887247296959	0.459956153059394	
20.3121631901438	0.784216577378144	0.342461406250811	-0.856560197218338	0.220736554781595	0.274823920093969	-0.228336175009316	1.03958293834318	-0.687254809684774	-1.05904049747209	-0.114125231241504	-0.18302274112484	0.466518254903178	
20.4438181664816	0.660112249078178	0.358025207813908	-1.01971905770392	0.00216006184962018	0.416178301483308	-0.30540222342114	1.10070215149721	-0.469515910551956	-1.07629055056146	-0.0526229843927772	-0.0809830937932862	0.467355848702335	
20.5665872609504	0.529068960043458	0.342720696924626	-1.10053024493348	-0.25607370775259	0.551713244456441	-0.347467150815255	1.09320661781758	-0.211186349593909	-1.08078220449987	0.00474645389061987	0.00732362711590205	0.467260057346498	
20.6893563554193	0.393525002781792	0.295370731002717	-1.09440391721779	-0.509015154904137	0.680943176806308	-0.357489459227657	0.998183989916989	0.041644873150064	-1.07446817958807	0.0621187282249307	0.0962199273008006	0.467370281754072	
20.8165847097265	0.258054742908004	0.2170846097871	-1.03005781541079	-0.708070628548912	0.797922241918776	-0.338622722185112	0.83358513896744	0.241878039302655	-1.05597698482675	0.121538112398002	0.196472676443352	0.466192589246257	
20.9559659831335	0.119836931226074	0.108710303836159	-0.958000709941857	-0.830868018043053	0.900088686051275	-0.294773183119785	0.633175230733905	0.3732453794808	-1.01992561727732	0.186062879283615	0.324825479207955	0.457622638562252	
21.1118171510852	-0.0265986550161813	-0.0246318050220718	-0.933772246442206	-0.863193630502555	0.982637047687876	-0.230554371800691	0.432283029068859	0.440296875959022	-0.956038392671668	0.255186176822753	0.501489217373351	0.422896754543533	
21.2523734025013	-0.160180991139689	-0.142830524940166	-0.976232325529454	-0.804158808461863	1.03260965257556	-0.166891847992235	0.283781245940857	0.461566382978804	-0.872428661435845	0.309722372932391	0.6924510795886	0.342592425483058	
21.3843961857415	-0.293806486261584	-0.240634177056191	-1.0500106853347	-0.662446066540136	1.06222777068773	-0.105516127866608	0.16809655231331	0.466836117655546	-0.768421284426114	0.346150304922789	0.881914133021392	0.195609948884589	
21.5155325912319	-0.435639243920216	-0.313426678435639	-1.10458565163943	-0.434575889012206	1.07759177983042	-0.0442423655212257	0.067970496108661	0.467347831561313	-0.641952535910181	0.357669043956854	1.03661515553077	-0.0327719425491078	
21.6443564007966	-0.577492491904285	-0.351914245366141	-1.08154530704808	-0.159930163323891	1.08038323737785	0.0159550729388998	-0.0243140275924208	0.467272122554201	-0.502890745473535	0.335959172427231	1.10585933464051	-0.307341959230311	
21.7674002993603	-0.704550916600616	-0.356014347835827	-0.970836908466604	0.0852530419488096	1.07190880566039	0.073457103702839	-0.114348076689912	0.467328377996439	-0.367357889059745	0.282557244132977	1.08518498515652	-0.552581419945249	
21.8963105049713	-0.818832391000383	-0.332066893560891	-0.796659805491614	0.272615569645048	1.05060617842473	0.133621215732557	-0.218484287036502	0.465420489961587	-0.231773787424321	0.198445677828324	1.01514409252812	-0.738036059606636	
22.0386610251584	-0.917635619746172	-0.283885470654238	-0.593588485877318	0.390643611675047	1.01013947420624	0.199238190806287	-0.354531264681908	0.453876919608234	-0.0925038544600405	0.0846472798479403	0.948119750559229	-0.844520531283282	
22.197833741393	-0.995847051589639	-0.21642558496142	-0.395829913685106	0.447381916765236	0.939276554022747	0.268611962674299	-0.542670098676668	0.409822723979829	0.0565704975669216	-0.0521863777128898	0.938500012361777	-0.857204640745066	
22.3354744252408	-1.04043579100504	-0.153520265401687	-0.25662299295058	0.463487042341836	0.851606695507085	0.319407153690008	-0.734556082169227	0.316991952390837	0.188829095497988	-0.165886888288333	0.99117907511981	-0.780478994732674	
22.4731151090887	-1.06755593962819	-0.0893934808218256	-0.140555498169449	0.467178800806326	0.736918527463233	0.352106458141876	-0.928474438136289	0.142747187270888	0.33063741216499	-0.262712977320062	1.06902993630574	-0.609925988077215	
22.6048443285886	-1.0795204282591	-0.0278332343291632	-0.04247403826324	0.467301612187129	0.604747427006106	0.355279027790237	-1.06534922694357	-0.105791795970576	0.474773001253026	-0.327445793461085	1.10782326520681	-0.361509816216554	
22.7304963094253	-1.07921882535447	0.0308812239418109	0.0473082736773266	0.467315143335193	0.467229841820908	0.32499896274036	-1.10769123500135	-0.375870632422923	0.611988983533588	-0.355880186682182	1.06038296132402	-0.0914445109122712	
22.8544168104507	-1.06770846804754	0.0887937903833526	0.139707938610442	0.467201244112499	0.331712025927141	0.263377630336584	-1.06949466654298	-0.60839255042289	0.735996442120432	-0.352171420719948	0.929786727932545	0.141191306310389	
22.986162109383	-1.04220492067685	0.150193413006724	0.250261200069519	0.463895640935467	0.195690278331032	0.171292492853383	-0.994824681626838	-0.774364824329729	0.846514642345845	-0.321485905860119	0.744563481557322	0.310469183394261	
23.1327674735265	-0.995057481046079	0.217227074621548	0.3980665725348	0.447020697379725	0.0546553587694141	0.0504429483820662	-0.938008595446661	-0.857822581493504	0.940402122276697	-0.267670023003626	0.539942022911864	0.410801884113777	
23.2860825770143	-0.919917706702515	0.282287913601715	0.588357142652118	0.392827459987978	-0.0888716560350638	-0.081432020610081	-0.946855967556661	-0.846190424200753	1.00878936273761	-0.200855892991646	0.358498824904545	0.453362964212774	
23.4212692403969	-0.827523319945468	0.328914093872731	0.780724398892528	0.284894167708799	-0.220632259461117	-0.190303864818851	-1.0087222437306	-0.749944540650685	1.04815557940662	-0.138610229053893	0.227997844838077	0.465050372941884	
23.5560449755673	-0.709533637313853	0.355477241662103	0.964710277835825	0.0943460867109369	-0.361771025842877	-0.279753193755603	-1.08286945399365	-0.561684548267161	1.07130466315676	-0.075724047906512	0.118159176157827	0.467338461556223	
23.6799181927084	-0.582154347610065	0.352517454661046	1.07908905664555	-0.150579275357519	-0.498098906431304	-0.334685473252994	-1.10638369963012	-0.316709482773553	1.0802532540414	-0.0178319814080646	0.0272946429845804	0.467288758131072	
23.8037914098496	-0.445876760399176	0.317309146883469	1.1060822035053	-0.415695156336394	-0.632282230314989	-0.357361648616906	-1.04474567457617	-0.0516439467828097	1.0781589907142	0.0400525017334248	-0.0613365289291198	0.467339103119203	
23.9284983480175	-0.310345278118576	0.250807441265294	1.05885288352333	-0.63943823325165	-0.75437677724717	-0.34913494042432	-0.903236801148919	0.17242031969697	1.06472205536578	0.0983274991590128	-0.155616082374408	0.46701791355468	
24.0623046612452	-0.173788671492441	0.153911813700469	0.983231301438126	-0.793305673027946	-0.862616550236089	-0.314513267393306	-0.712471884568781	0.330761916855749	1.03640522172857	0.160601453692825	-0.270759416869342	0.462543756172196	
24.211574138542	-0.0314169214597232	0.029101129992901	0.93442558609096	-0.862415889884818	-0.9533715991065	-0.25749598672957	-0.508044056922032	0.420896407984875	0.984788520566259	0.228394856736656	-0.426381529168924	0.441519481899942	
24.3599862483114	0.107818624225227	-0.0981666977696486	0.953476698212432	-0.837239571567988	-1.01569536042696	-0.19196102179649	-0.33772794229462	0.456057256474058	0.907876736201771	0.290127719566126	-0.615748755917809	0.381182315093929	
24.4939755025587	0.239659086469299	-0.204100161358116	1.01967052664547	-0.72932852200392	-1.05225270004207	-0.130068147952146	-0.21178925634983	0.46566768021582	0.812593613572808	0.334168309310249	-0.807881270295632	0.263660841788099	
24.6273423803907	0.380639175197616	-0.289135545079784	1.09018450922928	-0.530693417685858	-1.07322638824737	-0.0678078905063572	-0.105118126861079	0.467349284290761	0.692587213049788	0.356943435586128	-0.985066382368196	0.0633441333950964	
24.7504088029878	0.516407588011082	-0.339518658060896	1.10358472292912	-0.28090288221912	-1.08060383436026	-0.0102960586946586	-0.0155745792195495	0.46726738137112	0.564196246349212	0.349814716755541	-1.08801014370957	-0.186364499152001	
24.873475225585	0.648647951489153	-0.357795741569042	1.03061798731051	-0.0197740690922851	-1.07711122954955	0.0472123891126216	0.0727145877377168	0.467362927354173	0.428463278060438	0.310583352456407	-1.10333257504823	-0.447588858261889	
24.9988958560369	0.769090036689795	-0.345952016234188	0.880836814350567	0.196742219090283	-1.06207244350337	0.105815776189099	0.168732440335665	0.466838415668932	0.292982406813615	0.240136240045076	-1.04956925468623	-0.663580634759216	
25.1345494197407	0.875448098598603	-0.308154968105413	0.686097891913618	0.346180096011412	-1.0313236929517	0.168864702022882	0.288013318875328	0.461238725266057	0.155875594353137	0.139290266082517	-0.974111210788943	-0.807418821277469	
25.2859820075928	0.963532484040684	-0.248627172733644	0.482386305939437	0.428264083930887	-0.975863974532336	0.237196460357369	0.450328318454636	0.436299295561568	0.0123314904916917	0.0114307123762623	-0.932714624394071	-0.864563379492455	
25.4314134137814	1.0214615713366	-0.183777908066662	0.319861109051732	0.458188210192419	-0.896957606005305	0.296527955345553	0.640041681888135	0.370034181417747	-0.12450396533125	-0.112750047278905	-0.959902790939864	-0.828222391610166	
25.5645683227374	1.0556681844903	-0.122112708459696	0.197552035434215	0.466177040802525	-0.799013154935056	0.338242449037383	0.831715197248958	0.243608597030807	-0.256655029555207	-0.216129740577701	-1.02926723268317	-0.709785637833333	
25.69696470365	1.07477927354582	-0.0602774967467767	0.0933117044774651	0.46738441909454	-0.677081361318523	0.357584932668983	1.00239371933004	0.0344852644059157	-0.397697912227252	-0.29730743592222	-1.0957054238075	-0.501869683500456	
25.8195473383835	1.08074471272543	-0.00299135266106489	0.00466352342223866	0.467268872770264	-0.547687512532584	0.346634597439403	1.0947680440241	-0.219097960123098	-0.533057200192801	-0.343643244778352	-1.09943156744633	-0.248170912647167	
25.942129973117	1.07593804216344	0.0542922832998819	-0.0836063453515646	0.46736403874841	-0.412326314546314	0.303716542889342	1.09984100524719	-0.476264774152581	-0.663611727617082	-0.358008826189238	-1.01623465989563	0.00890073540417132	
26.0683388783736	1.05932420467611	0.113251420355313	-0.181475087726468	0.466557453921058	-0.276837792357562	0.229645167448653	1.04078969858979	-0.684649409043618	-0.782486412318509	-0.34289658780398	-0.85931461086332	0.21809195512256	
26.2059201845528	1.02611009455757	0.177085960064509	-0.305037872608945	0.459658536663619	-0.139001840895818	0.125103783226855	0.966353644789934	-0.819010724967133	-0.887108253661707	-0.302189743291378	-0.661315772180985	0.359352188303514	
26.3594211655692	0.966795260857354	0.245832832939683	-0.47395363840748	0.430424970054947	0.00584355999171404	-0.00541191751121748	0.932675886036399	-0.864663608381829	-0.972638820849026	-0.240420915428479	-0.458722247628917	0.434238638326882	
26.5023682357223	0.885792831237338	0.302892996398122	-0.664157470820588	0.357901520213005	0.140914154328273	-0.126710223228089	0.967222849142459	-0.817749583319714	-1.02670698556557	-0.176182773170047	-0.303065378321868	0.459848063106709	
26.6348854538915	0.785121967277429	0.342211349520584	-0.855013212367678	0.222240515645656	0.273629841609244	-0.227514470504026	1.0390036561044	-0.68874363508418	-1.05875180888663	-0.114696879016572	-0.183990443736717	0.466503119438524	
26.7665614108704	0.661173569027608	0.358018148422226	-1.01867590465407	0.00426924520759322	0.414948931617425	-0.304833584897172	1.10049529392465	-0.471637444378169	-1.07612250064499	-0.0531845635250675	-0.0818193892705704	0.467368199170575	
26.8892953622868	0.530251139939766	0.342999076661569	-1.1002488250079	-0.253694992914675	0.550462860863589	-0.347169333339611	1.09374735069235	-0.213580630074743	-1.08071400080331	0.00417025667802866	0.00650147431555055	0.467275622989417	
27.0120293137031	0.394733934408848	0.295940838640836	-1.09483097465875	-0.506951178988539	0.679771164753781	-0.357469028547876	0.999483494806915	0.0395604612890682	-1.07450509916259	0.0615281899070262	0.0953474798518379	0.467390717699471	
27.1391635128328	0.259284566654243	0.217937607528379	-1.03079107507038	-0.706637645454403	0.796863960864123	-0.338845445823853	0.835362997828583	0.240390977627097	-1.05614852751832	0.12090783829546	0.195428077241798	0.466246667827306	
27.2783812241336	0.121134584649608	0.10983737884869	-0.958535788332254	-0.830200395918302	0.899173425105701	-0.295209256942102	0.635109474839807	0.372392349828704	-1.02030800975526	0.185371878093397	0.32342631349245	0.457808046089598	
27.4340470679401	-0.025161454213458	-0.023312266009196	-0.933631442847785	-0.863446563266938	0.981916755050822	-0.231156669047112	0.434084495971297	0.439951126085552	-0.956755300837318	0.254468935056294	0.499546946876491	0.423495437181387	
27.574738599845	-0.158811205882677	-0.141720076740657	-0.975565849102007	-0.805254037143349	1.03215588579061	-0.167459558355911	0.285106711717558	0.461489467023251	-0.873344679907889	0.309179635096554	0.690459137384452	0.343764570120097	
27.7067724046305	-0.292347211347858	-0.239735677899765	-1.04924537741965	-0.664446750794006	1.06193559710229	-0.106082440582392	0.169197138512882	0.466840730689107	-0.769588385754386	0.345818118482143	0.880048238906771	0.197606020104898	
27.8379215565295	-0.434121709795495	-0.312851420149987	-1.10436382847142	-0.437332575736213	1.07743585836273	-0.04480068723391	0.0689404548717807	0.467367419234803	-0.643314148567191	0.357652107383883	1.03542337359964	-0.030034843498591	
27.966873736602	-0.57614748658343	-0.35173343246236	-1.08225005407509	-0.162563933220906	1.08034632956925	0.0154588236960049	-0.0234672048958412	0.467283924518005	-0.504198842985771	0.336274608766341	1.10571725897094	-0.304719991297099	
28.0898806546983	-0.703306089911204	-0.356135317300883	-0.972327162252031	0.0830452590921523	1.07198218489965	0.0729447577414231	-0.113431124374088	0.467338787389364	-0.368676094988399	0.283190559559445	1.08575828662612	-0.550384046481516	
28.2186854951213	-0.817720929748784	-0.332449919913635	-0.798610178208725	0.271083906571009	1.05082757826091	0.133062710237446	-0.217356576397188	0.465466935874605	-0.233106648512074	0.199387209676175	1.01596675460592	-0.736550842445614	
28.360867105219	-0.916696431180479	-0.284493189395594	-0.595645712638952	0.389794548552016	1.01059655159005	0.198617623876913	-0.352994286968431	0.454083147324781	-0.093900120409519	0.0858755655186666	0.948639999607387	-0.843877695876797	
28.5198544010281	-0.995131792065719	-0.217202013827116	-0.397710831613953	0.447047423176397	0.940106942631445	0.267977456584125	-0.540533669197282	0.410537616599679	0.0550248494343233	-0.0507754427570229	0.938244500811238	-0.857585039776075	
28.6576207146508	-1.0399875259906	-0.154265722249421	-0.258049802189384	0.463399098523439	0.8526576400716	0.318960745876076	-0.732378645739223	0.318373624189945	0.18732988591905	-0.164695023626669	0.990428447928609	-0.781772722713384	
28.7953870282734	-1.06730578328307	-0.0900855982039231	-0.141668359158759	0.467173890189505	0.738143910072468	0.351934589352273	-0.926693239976672	0.14490714540025	0.329161873210651	-0.261848991148364	1.06836159913543	-0.612081035589755	
28.9271111609285	-1.07940932771716	-0.0285269678858827	-0.0434947893160396	0.467312704589632	0.6061666023533	0.355441846085171	-1.06435775600286	-0.102949868490962	0.473242725363906	-0.326914878199302	1.1078525453189	-0.364362836098669	
29.0528572888237	-1.07923035911152	0.030232927124256	0.0463616966808034	0.467327193639741	0.468604798557065	0.325489978423644	-1.1077134022602	-0.373258632173951	0.610625560554502	-0.355722905547914	1.0613517055794	-0.0940685614657899	
29.1767294324404	-1.06784746942133	0.0881250119976525	0.138655576032902	0.467228014462578	0.333093006255341	0.264186630370304	-1.07014523402644	-0.606337331791054	0.734754463166042	-0.35231164236797	0.931489657993545	0.139109317328476	
29.308343046667	-1.04252481115814	0.149470561572364	0.248932260366407	0.463994512275799	0.197107832596597	0.1724139011472	-0.995581000088099	-0.773099075332572	0.845416978561594	-0.321884462719578	0.746648739721695	0.309104563056773	
29.4547684039091	-0.995663601944867	0.216451670541032	0.396249993968713	0.447371078629437	0.0561643115428237	0.0518303821012115	-0.938283997383759	-0.857487904374111	0.939499290402096	-0.268282052642257	0.54203400341505	0.410116825744674	
29.6084352869263	-0.920625092770324	0.281742797841136	0.58664955261335	0.393549182588427	-0.0876771084405143	-0.0803699614452785	-0.946453811638305	-0.84674986435834	1.00830220121089	-0.201372836395871	0.359804259024959	0.453200681769913	
29.7436937944249	-0.828415128714425	0.328529236181076	0.779026080692301	0.286204643097196	-0.219429175003871	-0.189424066784956	-1.00802632702021	-0.751230189613359	1.04784430371835	-0.139105169396134	0.229000246327909	0.465025546516163	
29.8785585835876	-0.71055356441049	0.355329190967262	0.963428565066606	0.0962642558058179	-0.360574606590363	-0.279151740397447	-1.08237395566348	-0.563616753143113	1.07112817100091	-0.0761774505698294	0.118945390596879	0.467352497337295	
30.0024802839016	-0.583242061698316	0.352630290504344	1.07851543885075	-0.148345376282424	-0.496929087288432	-0.334369486393318	-1.10650175959574	-0.318957525685822	1.0801711489868	-0.0182608041110401	0.0279863207449956	0.467302901968246	
30.1264019842155	-0.44693396146036	0.317676868266024	1.10625379555002	-0.413683773863463	-0.631225180556943	-0.35732454078033	-1.04557573645491	-0.0536633952064376	1.07815914201736	0.0396476725142925	-0.0606780590951055	0.467347169069901	
30.2510612700603	-0.311401455582332	0.251425393080216	1.05945950580738	-0.637895519071394	-0.753413231337223	-0.349327006746926	-0.90459678495738	0.170862097219943	1.06481468691961	0.0979016136666961	-0.154862720849991	0.467033421851451	
30.384752416111	-0.174874370892544	0.154779199348049	0.983862343737171	-0.792381318088033	-0.861763155232092	-0.31490627173698	-0.714090597564794	0.329763633759449	1.03663752612469	0.160127072388918	-0.269771746172373	0.462617684328584	
30.5338798524634	-0.03257095078576	0.0301712880809606	0.934635325259047	-0.862218738960384	-0.952673957200983	-0.258051520288139	-0.509632316083108	0.420410485835368	0.985244907986798	0.227880232207165	-0.425003009175935	0.441808253125016	
30.6824678933998	0.106820196630611	-0.0972711570466552	0.953182831213932	-0.837725029924003	-1.01526985191287	-0.192481216885992	-0.33882583255419	0.455919112459511	0.908449655282319	0.289752373932633	-0.614356998659738	0.381805917464492	
30.8164958999263	0.238641533222865	-0.203341536626329	1.01916600959293	-0.730434827217444	-1.05196883116131	-0.130580419966418	-0.212659971249492	0.465639560295256	0.813327297938506	0.333921956592733	-0.80650603834343	0.264795266922188	
30.9499116953296	0.379615040156622	-0.288594372527486	1.08989369440574	-0.532347333879373	-1.07305507215762	-0.0682981405171135	-0.105832283407313	0.467357300729329	0.693440032001052	0.356892513044585	-0.98406141099842	0.0649900331500445	
31.0729968807284	0.515399700624784	-0.339208008296434	1.10384463535808	-0.282797565463752	-1.0805171893882	-0.0107760115629903	-0.0162271286459844	0.467282155416763	0.565117488763474	0.349984019859411	-1.08761750671209	-0.184484589953011	
31.1960820661273	0.647730655431899	-0.357711530513731	1.03147574867405	-0.0214389847456397	-1.07710328323772	0.0467431862807702	0.0720715050287153	0.467381269456189	0.429372627805882	0.310968344232947	-1.10354725370276	-0.44594228471055	
31.3214410551328	0.768251067676728	-0.34605838406677	0.882119738141144	0.195496649329138	-1.06215835650394	0.10532098356799	0.167986001342801	0.4668758352657	0.293907288827266	0.240737400498767	-1.05010573948394	-0.662372484594838	
31.4569661028827	0.874699178689199	-0.308433493427249	0.687577276429077	0.345413435547783	-1.03155520206242	0.168319422945217	0.287024979810301	0.461352053257024	0.156856023373281	0.140114070482018	-0.974602256239373	-0.806765488804807	
31.6082539279616	0.962921141701855	-0.249044018437128	0.483807546279749	0.427923867606378	-0.976325643474175	0.236618544536524	0.448957205817245	0.436657796805201	0.0134045017723801	0.0124254739005894	-0.932764752096991	-0.864581664411579	
31.7538240719745	1.02107999027655	-0.184159921353096	0.320854779408353	0.458113807390317	-0.897546768034064	0.296083417018003	0.63865292655942	0.370753977287189	-0.123533222242426	-0.111923495664921	-0.959507705967769	-0.828867784677506	
31.8870025676773	1.05541091482327	-0.122487537144987	0.198346367858106	0.466180943277339	-0.799770010100706	0.337935354162169	0.830371380214088	0.244863359588591	-0.255640904722508	-0.215447817017196	-1.02871774807219	-0.711044302865929	
32.019428988294	1.07462208463095	-0.0606361850766263	0.0939753004647398	0.467406013956044	-0.677966037298264	0.357484730964062	1.00145541429369	0.0362607475047586	-0.396656047332628	-0.29684854588745	-1.09543071475842	-0.503666761460802	
32.1419990636295	1.08066573435715	-0.00335346036156414	0.00529479079858111	0.467285718225215	-0.548663557099871	0.346773121760239	1.09446417148187	-0.217068983027616	-0.532002177257215	-0.343419661398688	-1.09975896228045	-0.2502167351976	
32.2645691389651	1.07593760869846	0.0539259478467482	-0.0829553707561301	0.467375180294291	-0.413312980455196	0.304099059173658	1.10016148173012	-0.47446111087949	-0.662624628243204	-0.358025007020419	-1.01720611097399	0.00708593058519912	
32.3907114155744	1.0594214481849	0.112855820220405	-0.180705511167689	0.466580985569924	-0.277831251426921	0.230265876590037	1.04142571080265	-0.683335412267682	-0.781590196757917	-0.343121696810456	-0.860720199634959	0.216754426697758	
32.5281515838164	1.02636485355714	0.176632316903363	-0.303993004536693	0.45976002166497	-0.140049732838994	0.12597225130216	0.966909073878656	-0.818292884272509	-0.886315120718083	-0.302604568205537	-0.662916069341959	0.358532862607539	
32.6815042284458	0.967298356962631	0.245345648781608	-0.472489107669586	0.430798175133628	0.0047064239347263	-0.00436183219059925	0.932733966781601	-0.864668666121492	-0.972004780897292	-0.240983816591022	-0.460244859112012	0.433870490987864	
32.824580668856	0.886436880227821	0.30253717516385	-0.662654839624384	0.35866900439682	0.13987194352986	-0.125818747799302	0.966828430580497	-0.818412829852028	-1.02630882375762	-0.176718427364562	-0.304173590956109	0.459743825455207	
32.9571200477244	0.785948040514264	0.342001054338587	-0.853567721984328	0.22359131338616	0.272543877754453	-0.226771686382342	1.03846828964931	-0.690076918977167	-1.05849191826865	-0.115229367956258	-0.184900567664978	0.466485605591007	
33.0888222385451	0.662140263670285	0.358027486377196	-1.01768223892969	0.00617068789112979	0.413836671895412	-0.304322516070974	1.10028752451318	-0.473547451812004	-1.07597693556563	-0.0537049703062353	-0.0826052855834827	0.467376763920874	
33.2115322406203	0.531324967642322	0.343265002396765	-1.0999438747822	-0.251545097381913	0.54933736563077	-0.346905018642727	1.09421110579856	-0.215742726276105	-1.08066233327302	0.0036400162459481	0.00573276898364776	0.467287823658018	
33.3342422426955	0.395829276320548	0.296467583007729	-1.09517103262063	-0.505081941513137	0.678721630225887	-0.35745603010018	1.00063378778719	0.0376740254096162	-1.07455090654637	0.0609884470924371	0.0945372448334374	0.467407916103521	
33.4613002918566	0.260394830504333	0.218714736816512	-1.03141344476822	-0.705339284513217	0.795922181287745	-0.339050955623973	0.836946063495908	0.239044732399208	-1.05631701179201	0.120336218807448	0.194467381272312	0.466294552114009	
33.6003979683471	0.122284578973505	0.110839808987823	-0.958977576953308	-0.829603902471261	0.898375658686287	-0.295597738934985	0.636807042976929	0.371632466395641	-1.02066023765972	0.184757929947148	0.322170533976383	0.45797143607562	
33.7559077706794	-0.0238906786283099	-0.0221455808200967	-0.933477575499407	-0.863664739676696	0.981292840519408	-0.231689318948683	0.435662217136908	0.439643211269903	-0.957402161891028	0.253834899768766	0.497815358362503	0.424021528406792	
33.8967265682012	-0.157602870237128	-0.140744051274201	-0.974943984560397	-0.806215622328938	1.03176822555736	-0.167958336906301	0.286258385830576	0.461421316672212	-0.874165355320166	0.308702388180488	0.688685598729825	0.344794305656726	
34.0287773757387	-0.291062443652266	-0.238951281772595	-1.04853042385183	-0.666204491963709	1.06168953418543	-0.106576618966712	0.17014597766537	0.466844677020756	-0.770627090533099	0.345527900739294	0.878384446186464	0.199359814942953	
34.1599452532757	-0.432787869327882	-0.312355452617749	-1.10412022419479	-0.439757989644348	1.07730773689641	-0.0452843644077099	0.0697699115694567	0.467384084898115	-0.644519867568456	0.357639817025445	1.03435031262534	-0.0276260952537671	
34.2890190196192	-0.574968598509537	-0.351587954935848	-1.08281991309345	-0.164884677104398	1.0803198893269	0.0150336820442704	-0.0227512658957378	0.467292993580932	-0.505351290817292	0.336554272891564	1.10557117898919	-0.302408316476534	
34.4120012888752	-0.702217248977008	-0.356256134822005	-0.973588388231697	0.0810964164916143	1.07204829382391	0.0725089261856964	-0.11265890806438	0.467345739243477	-0.36983104484683	0.283747208636295	1.08624729629608	-0.548442155735092	
34.5407227677497	-0.816750977195308	-0.332800074564309	-0.80027570226041	0.269730461633157	1.05101723392712	0.132590240508052	-0.216407817474017	0.465503823162477	-0.234266256731741	0.200209834056243	1.01668351973443	-0.735234284795634	
34.6827660175932	-0.915877368476081	-0.285038023646671	-0.597403701911232	0.389042659391364	1.01098315704773	0.19809436520008	-0.351700277822021	0.454255188074557	-0.0951057885715806	0.0869436584465772	0.949103979733257	-0.843297847465921	
34.8415991959994	-0.994505374084592	-0.217892029769029	-0.399313744764494	0.446748992318979	0.940806607199302	0.267443133630945	-0.538733262178128	0.41114031376765	0.0536987668853627	-0.0495511038619296	0.938047006942626	-0.857889306086629	
34.9794719653508	-1.03958850375489	-0.154930893948077	-0.259261649728576	0.463318905662795	0.853543312230194	0.318585742556555	-0.730543250409941	0.31954363012087	0.186045191524773	-0.163654848608492	0.98980490013852	-0.782862535783664	
35.1173447347022	-1.06707484251049	-0.0907059678292366	-0.142608177570864	0.467169269004598	0.739176223670437	0.351792560764194	-0.925197791280738	0.146737360145981	0.327898618840124	-0.261086592934971	1.06780596885161	-0.61390662915058	
35.249060029313	-1.07929527742781	-0.0291506680015229	-0.044355184238605	0.467324754060611	0.607365740724288	0.35558349877569	-1.06353353754838	-0.100538657705293	0.4719295367036	-0.326432830774181	1.10788872178698	-0.366786096355319	
35.374880707725	-1.07921977516018	0.0296457745508542	0.0455644293378512	0.467342450725827	0.469769873555719	0.325911815556487	-1.1077543167274	-0.371042876646385	0.609449901604532	-0.355557590107355	1.06218988738955	-0.0962995740794424	
35.4987046642707	-1.06794498300192	0.0875179029173223	0.137766914858071	0.467258147898297	0.334268091154234	0.2648814443313	-1.07072268065757	-0.604596905987854	0.733676891847764	-0.352399347248636	0.9329557657995	0.137338758089556	
35.6301979062226	-1.04277685054111	0.14881470579486	0.24780587210246	0.46408898675326	0.198319609443701	0.173378646472946	-0.996248733016662	-0.772034763115919	0.844457241097483	-0.32219335226782	0.748442860914206	0.307945776362659	
35.7764595058979	-0.996161789062578	0.215748035181851	0.394704414396805	0.44768441152206	0.057460813315165	0.0530276248446912	-0.938540024266209	-0.857223143754075	0.93870097574749	-0.268775660026556	0.543835609869408	0.409538732232015	
35.9304244801301	-0.92121053047899	0.281237747729592	0.58520421147686	0.394185314007299	-0.0866496351066401	-0.0794527625302422	-0.946126989376304	-0.847258319396616	1.00786016558571	-0.201784985199364	0.360922777899448	0.453073005389316	
36.0657345423861	-0.829163112429167	0.328160959434665	0.777590370452929	0.28735151389422	-0.218387139021103	-0.188659296243737	-1.00745063551887	-0.75236538683029	1.04755025145035	-0.139501663190942	0.229860265065941	0.46501387293607	
36.2006662918768	-0.711416628087735	0.355165769111318	0.96235718188808	0.0979363820462121	-0.359531654357475	-0.278624237484149	-1.08197765469268	-0.565308804876348	1.07094828244529	-0.0765415316271827	0.119620472804605	0.467372422830137	
36.3246179482231	-0.584171429288707	0.352694713855524	1.07805827890891	-0.146397400779799	-0.495900248434238	-0.334086352466155	-1.10664130959965	-0.320923848025448	1.08007167772302	-0.0186083613893832	0.0285830306907366	0.467321248805248	
36.4485696045694	-0.447845084488753	0.317967346182733	1.10644470558983	-0.411926820241661	-0.630285983186609	-0.35728326709696	-1.04633795586319	-0.0554316643474854	1.07813106767544	0.0393159209142132	-0.0601067497266317	0.467358484589147	
36.5731753577488	-0.312319644638439	0.251940888587777	1.06002946419902	-0.636543479004041	-0.75254869073561	-0.349487200752169	-0.905824438575789	0.169494288247827	1.06486833537413	0.0975463121643779	-0.154205025623223	0.467049190756214	
36.7067538936809	-0.175825382637588	0.155521879300043	0.98445380152806	-0.791565637931705	-0.860990386903703	-0.315245817602933	-0.715548976171679	0.328883741352864	1.03681576954137	0.159723938302875	-0.268904825356377	0.462681896578841	
36.8557435097169	-0.0335889919621766	0.0311038228997587	0.93485624738402	-0.862037031638348	-0.952035599329787	-0.258539235614485	-0.511070949521591	0.419979170737373	0.985624591292045	0.227435412714712	-0.423785297862425	0.442057860900975	
37.0044927101157	0.105950168498386	-0.0964962864866821	0.952958663677112	-0.838137850626908	-1.01487897222141	-0.192935268808361	-0.339818634905331	0.455798036792418	0.908928803723107	0.289431555295029	-0.613140028771777	0.382339813834491	
37.1385530738551	0.237757448698141	-0.202683185552068	1.01875417920881	-0.731383249034007	-1.0517056843901	-0.131028248295359	-0.213452066180578	0.465615285750261	0.813948235692044	0.333711433847413	-0.805302113028224	0.265767963283746	
37.2720097459979	0.378726616568272	-0.288122149726084	1.08966120587277	-0.533769623703712	-1.0728941566743	-0.0687275240102807	-0.106486848380978	0.46736512657038	0.694167540106113	0.35684967373635	-0.983174357491784	0.0664044971333323	
37.3951107872149	0.514527016113431	-0.338934085155319	1.10408474373929	-0.284428830983605	-1.08043393633148	-0.0111965172657816	-0.0168267753474216	0.46729638188695	0.565906920218133	0.350130602421086	-1.08725796839186	-0.182867550903345	
37.518211828432	0.646937696327621	-0.357632640541713	1.03223118202112	-0.0228732134360047	-1.07709240092625	0.0463320120810418	0.0714810118415482	0.467399035235341	0.430154704598716	0.311300628460657	-1.10371219386266	-0.444525821799336	
37.6435168027112	0.767526742093705	-0.346143667635455	0.883242727015329	0.19442298127187	-1.06223294682495	0.104887606509015	0.167306285008309	0.466910415789877	0.294706204731333	0.241256061126425	-1.05054901202363	-0.661333397061748	
37.7789300326046	0.874053766214514	-0.308667263689869	0.688870709807166	0.344752655962578	-1.03176034142137	0.167842364764795	0.286135349686119	0.461452353097696	0.15770657520694	0.14082489892506	-0.975006059493282	-0.806205009060273	
37.9300915768511	0.962395929023589	-0.249397425953477	0.485051608027687	0.427631308205884	-0.976735464833732	0.236113073717601	0.447732710058356	0.436970372207335	0.0143395358102293	0.0132843522358623	-0.932784318086039	-0.864601680413219	
38.0757884817635	1.02075799032329	-0.184479857091229	0.321720724939225	0.458052188649587	-0.898069000024462	0.295696531129141	0.637414729885454	0.371378743526602	-0.12268899029874	-0.111216674037926	-0.959135454824675	-0.829430932176189	
38.2089947579798	1.0551988365941	-0.122797550564209	0.199034208287799	0.466185809948841	-0.80043679985932	0.337669923524976	0.82917236962284	0.245949935570813	-0.254762036734694	-0.214872372960781	-1.02820657791063	-0.712135745519654	
38.341454697572	1.07449752476435	-0.0609286301042753	0.0945459843932425	0.467424498935756	-0.678741503235632	0.357399736251176	1.000605081985	0.0378005227783604	-0.395756021528635	-0.296471106146914	-1.09515106637824	-0.505225021714116	
38.46402346894	1.08060857614432	-0.00364451546367593	0.00583255913508857	0.467298535701791	-0.549512659646669	0.346894360009206	1.09416365778326	-0.215307621710529	-0.531095916497568	-0.343249844545543	-1.09999621691834	-0.251990913991262	
38.5865922403079	1.07594669117371	0.0536353919560175	-0.0824057277676922	0.467381464699745	-0.41416511773752	0.304429035546407	1.10040517198391	-0.472890285160082	-0.661781573436104	-0.358064427502438	-1.01799944421621	0.0055088204603379	
38.712688222886	1.05951129700483	0.112544695958291	-0.180061172160015	0.466595785223571	-0.278680961816305	0.230796557250906	1.04194910349302	-0.682186223892345	-0.780830335188438	-0.343341253209211	-0.861887931333004	0.215590438668773	
38.8500194720128	1.02658383303333	0.176276032571758	-0.303123360637942	0.459837388658652	-0.14093648735898	0.126708985753992	0.967373038668802	-0.817655297112577	-0.885647345674257	-0.302985018325763	-0.664249678030856	0.357817908453925	
39.0032568364035	0.967720295379037	0.244963693231835	-0.47127443004149	0.431097489673979	0.00375343829291115	-0.0034757299087675	0.932784999844479	-0.86464315373048	-0.971473733671858	-0.241487963323081	-0.461510569802984	0.433545664056502	
39.1464452509845	0.886973430143507	0.302264501684244	-0.661407849331584	0.359292694616485	0.139002107751619	-0.125064524617091	0.966498694295469	-0.818939975914561	-1.02597553789504	-0.177199977067167	-0.305090844963881	0.459647281298077	
39.2790059215904	0.786633696073167	0.34184816295278	-0.852365085348039	0.224697242046224	0.271639883575218	-0.226140243151857	1.03801516976735	-0.69116331999069	-1.05827357964829	-0.115707919800937	-0.185650084419305	0.466466077944465	
39.4107328921151	0.662940445682869	0.358055259755636	-1.01685166539069	0.00773296485253588	0.412912480724771	-0.303882750374019	1.10010007104257	-0.47511528240535	-1.07585292640755	-0.0541725093816311	-0.0832484056518761	0.467382317552814	
39.5334248506533	0.532212962404319	0.343503606937146	-1.0996829381446	-0.249774829996272	0.548402082361247	-0.346668749768567	1.09457687192813	-0.217524150515734	-1.08061504476547	0.00316514283140702	0.00510606621647806	0.467298980512006	
39.6561168091916	0.396734035201246	0.296920188510544	-1.09544620690462	-0.503544716085238	0.677848841435182	-0.357427010769675	1.00156782948236	0.0361189978781405	-1.07458287663633	0.0605068222591174	0.0938783774222639	0.467425718207097	
39.7831133955789	0.261310999638923	0.219371962044691	-1.0319241176909	-0.704278523992619	0.79513754006797	-0.339201528612614	0.838237392262946	0.237937960561173	-1.0564485397068	0.119829566567909	0.193686725427953	0.466340563431447	
39.9221241055563	0.123222334933237	0.111670869020683	-0.95933581575255	-0.829135156845172	0.89771511216541	-0.295893884920563	0.638174294102582	0.371020154890988	-1.02093744709855	0.184223015899866	0.321161521649972	0.458115001954184	
40.0775059435627	-0.0228535612993811	-0.0211831734285002	-0.933352676139599	-0.863865124323839	0.980770354673181	-0.232101937451129	0.436927625077245	0.439400838212513	-0.957916793373705	0.253285110879615	0.496425051062358	0.424464286111326	
40.218422524754	-0.156611154339234	-0.139935705312769	-0.974440329404728	-0.80702724499271	1.03143352166097	-0.168344853004888	0.287176186638751	0.461374329719649	-0.874822367321636	0.308280558317643	0.687264142765981	0.345652915273062	
40.3504780182751	-0.289999807262218	-0.238296439168224	-1.04795504105069	-0.667671611019757	1.0614655600939	-0.106962570681324	0.170900280581865	0.466855662639241	-0.771465752831585	0.345259009849534	0.877054760468828	0.200815948380516	
40.4816520348258	-0.431676842621399	-0.311935506806143	-1.10393765619342	-0.44177395629951	1.07717638733734	-0.0456650641609072	0.0704278084907414	0.467404420527663	-0.645499544715842	0.357600570967036	1.03350984770268	-0.0256304642281531	
40.6108160666423	-0.57397704106086	-0.351456417250344	-1.08331302909044	-0.166813022289712	1.08026903719649	0.0146973574736106	-0.0221852103164802	0.467305850973929	-0.506291996135532	0.33675905977672	1.10549823940692	-0.300492828684217	
40.7337675493923	-0.701292187348293	-0.35634545546646	-0.974655903041894	0.0794755198314422	1.07207157213995	0.0721594793662026	-0.112044272580474	0.467355526119639	-0.370779384791558	0.284185976100243	1.08670017562237	-0.546831045951081	
40.8624090641568	-0.815917622801957	-0.33308203240797	-0.801681636743127	0.268602124266207	1.05114143256767	0.132205763097588	-0.21564481448496	0.465536739901928	-0.235223809765614	0.200876269310368	1.01732645122809	-0.734138864168136	
41.0043247195455	-0.915163727110564	-0.285486405734601	-0.598892301329389	0.388413164024337	1.01127093346257	0.197662002689959	-0.350647211873809	0.454398095458147	-0.0961072063519113	0.0878244030446287	0.949539513203201	-0.842811259482484	
41.1630174938576	-0.993949992623968	-0.218466703164995	-0.400676962155763	0.446498873788241	0.941356320690863	0.26699585893225	-0.537255945977787	0.411638107020586	0.0525936719332037	-0.0485291557672689	0.937932908133553	-0.858136980808827	
41.3009714378786	-1.03922408330426	-0.155488331488864	-0.260297942504729	0.463253326963987	0.85424991945576	0.318267681402087	-0.729036624477506	0.320509983161014	0.184974163848598	-0.162779349913237	0.989334566982238	-0.783763310125001	
41.4389253818995	-1.06685275323767	-0.0912292842341787	-0.143417195515542	0.467168464840438	0.740008447803152	0.351665515982579	-0.923973525577819	0.148248518755954	0.326844305434617	-0.260436231748414	1.06739072109336	-0.615416983596393	
41.5706247018807	-1.0791732411219	-0.0296802940108952	-0.0450989146972727	0.467339145143648	0.608342982019473	0.355690460988305	-1.06286393165397	-0.0985468615947163	0.470830259102531	-0.326010166977424	1.10796284635125	-0.368792283548931	
41.6964979942578	-1.07918753874912	0.0291427762545554	0.0448713112273226	0.467360548517365	0.470727273221627	0.326252621577334	-1.10780164405855	-0.369212737360356	0.60846026552759	-0.355395397831903	1.06293033283123	-0.0981478111570094	
41.8202719500828	-1.06800739136541	0.086994391940478	0.136994539752167	0.467289510351168	0.335243202574213	0.265452571390538	-1.07121409296041	-0.603160206773474	0.732764188791299	-0.35244696333103	0.934219553208243	0.135870696422305	
41.951654241322	-1.04297437004059	0.14824648764858	0.246830170029578	0.464175037098295	0.199335251358409	0.174180203723968	-0.996812719794493	-0.771159711223687	0.843639118682283	-0.322426691372562	0.74998254976492	0.306984674125392	
42.0977669120274	-0.996574178600721	0.215135490679426	0.393368712089968	0.447955767133116	0.0585584746806141	0.0540312161399321	-0.938754542371685	-0.857016253285862	0.938015703920208	-0.269166706819372	0.54538583028172	0.409060486152746	
42.2519863591111	-0.921700299129172	0.280795310180326	0.583957905995914	0.394728816288763	-0.0857808532971946	-0.0786907047241331	-0.945842718251925	-0.847703617784206	1.00748115242647	-0.202104605456207	0.361884812256015	0.452974801495443	
42.387341156233	-0.829792834820296	0.327835273982612	0.776353144958408	0.288325146999642	-0.217505886603445	-0.188028838454519	-1.00695343617435	-0.753335506980078	1.04729872142384	-0.139806435528107	0.230600291215946	0.465010359980436	
42.5223308690979	-0.712145876422219	0.3550142634871	0.961425860202482	0.0993553426079641	-0.358649318974195	-0.278196642328901	-1.08162818822902	-0.566747926504192	1.07079519539652	-0.0768176211582128	0.120202328026542	0.467392583896228	
42.6463124878966	-0.584955138703729	0.352736429566806	1.07764672186817	-0.144745627325469	-0.49503297438727	-0.333868372056441	-1.10674194604604	-0.322591973243124	1.0799881130911	-0.0188680575103779	0.0290952241778744	0.467337600568593	
42.7702941066953	-0.448611324056573	0.318199748965093	1.10658243423955	-0.410433320548536	-0.629497254634858	-0.357271459687843	-1.04696316238942	-0.0569331559227302	1.07810857869153	0.0390717107227361	-0.0596192718501264	0.467366476471266	
42.894859926152	-0.313088840193148	0.252361848572058	1.06049153960066	-0.635387975429786	-0.751825781889994	-0.349646162142511	-0.906842747930981	0.168329887410226	1.06491462208325	0.0972843135704398	-0.153648791669674	0.46705808801956	
43.0283502283784	-0.176617542420422	0.156131659388229	0.984940665399657	-0.79085855128992	-0.860347842482724	-0.315555520786029	-0.71676207238931	0.328131508309014	1.03696538490325	0.159423861397786	-0.268178593010344	0.462727042980906	
43.1772306702965	-0.0344321277064786	0.0318711527889795	0.935039873676672	-0.861856003885857	-0.951508009638188	-0.258972549800944	-0.512268711952032	0.419605969547786	0.985940137344772	0.227101397011951	-0.422771161724636	0.442250034338072	
43.3261314709489	0.105246765015551	-0.095870220860141	0.952775396791843	-0.83844091128927	-1.01456403282211	-0.193334458595516	-0.340631673798457	0.455689679668575	0.909317267806666	0.289204679455644	-0.612143722993382	0.382751231620695	
43.4602251418899	0.237048980461391	-0.202152620428758	1.0184119974718	-0.732114664695849	-1.05149705907962	-0.131420211022592	-0.2140977110524	0.465589360892207	0.814448078618338	0.333572831451336	-0.804314286419397	0.266525303803642	
43.5937213801389	0.378019511486439	-0.287741349989775	1.08945195362868	-0.534881276515887	-1.07276971504397	-0.0691021769323152	-0.107017649150802	0.467367965429234	0.694750203557634	0.356843526922076	-0.982434304477873	0.0675133110866528	
43.7168432569183	0.513838074740495	-0.338712129054744	1.10424468972309	-0.285708335763357	-1.08037271223403	-0.011560538872754	-0.0173086933907362	0.46730658437517	0.566534637493647	0.350272667927485	-1.08693599633235	-0.181598248611813	
43.8399651336977	0.646316886620577	-0.357564988678651	1.03279598035988	-0.0239973724691589	-1.07708884439536	0.0459792527250675	0.0710112951834249	0.46741422925232	0.430771957774895	0.31158573595357	-1.1038072755433	-0.443416856783161	
43.965235186974	0.766963375423904	-0.346203767896027	0.884095007298501	0.193584523341898	-1.06229604548043	0.104521218600931	0.166771212799046	0.466941245162313	0.295332670056631	0.241682549295083	-1.05086622009754	-0.660525768504212	
44.1005677794338	0.873553601809976	-0.308841042016048	0.689853028793651	0.344241027533762	-1.03192401519548	0.167445677739762	0.285441605956462	0.461537400873849	0.158370413385614	0.141395364276272	-0.975294634750109	-0.805778428407611	
44.2516371922264	0.961988593328995	-0.249661129021672	0.485989476210866	0.42740969078635	-0.977055703785124	0.235698313013861	0.446786027064864	0.437223480806262	0.0150671104562383	0.0139628160077971	-0.932775503275727	-0.864633171592612	
44.3974325785936	1.02050443958576	-0.184716705147303	0.32236313805968	0.45801050932254	-0.898475909577394	0.295375793382742	0.636460723483955	0.371878725383819	-0.122028530008255	-0.110659088235452	-0.958823861543631	-0.829889234706358	
44.5306578144429	1.05502599171512	-0.123027114437673	0.199538049325229	0.466195220436323	-0.800956795428872	0.337445053337174	0.828251275245023	0.246814168738389	-0.254069196286141	-0.214417938899515	-1.02778932457025	-0.713009389174712	
44.6631412844808	1.07438822500693	-0.0611450271508887	0.0949577888532041	0.467443592499424	-0.679346529829949	0.357317714441295	0.999961153956264	0.0390213220856029	-0.395041695176871	-0.29617268729042	-1.09491894280947	-0.506464914585026	
44.7857069289016	1.08054758756816	-0.00386030244468724	0.00621749455910559	0.467312199157061	-0.550174573952691	0.346975792760559	1.09395520865467	-0.213914641968001	-0.530373013615356	-0.343115490315885	-1.10017270321377	-0.253397557189059	
44.9082725733225	1.07593312535631	0.0534193924467726	-0.0820131130102628	0.467388959488917	-0.414828171836089	0.304676149505082	1.10062703797589	-0.471649630570488	-0.66110495352011	-0.358095541951868	-1.01861392496563	0.00426067108157157	
45.0343288935982	1.05955652880333	0.112311245560971	-0.179595968340249	0.46660872209895	-0.279341658639863	0.231203983945868	1.0423937483729	-0.681277246677376	-0.780214870163355	-0.343515229506851	-0.862797780032647	0.214668524578427	
45.1715716271135	1.02672520923135	0.176005779598438	-0.302485426321468	0.459897368769312	-0.141624463707273	0.127281182978338	0.967775222637275	-0.81714869078556	-0.885100745523964	-0.30328696257679	-0.665289796315804	0.357251322016248	
45.3247141830859	0.968015152775358	0.244670897458562	-0.470372499309291	0.43132689631106	0.00301569731915526	-0.00278161572782256	0.932870405880958	-0.864614818746169	-0.971030850094401	-0.241889281730753	-0.462497906571665	0.433287922435108	
45.4679797533281	0.887357128056973	0.302052136265307	-0.660480401187755	0.359771881578144	0.138326396462209	-0.124463470807018	0.96629076725548	-0.819342800908216	-1.02568352451907	-0.177588665458301	-0.305810366067723	0.459570919330073	
45.6005456544018	0.787136471852973	0.3417246981275	-0.851470436533385	0.225549643846136	0.270932784069814	-0.225625203489878	1.03771260639304	-0.692002350928674	-1.05806925592267	-0.116099494637635	-0.18624216985965	0.466452707082538	
45.7322806397474	0.66353755869401	0.358069720505056	-1.01624605522854	0.00893645051999976	0.412184255093504	-0.303509363668113	1.10000560177135	-0.47632758869844	-1.0757218137874	-0.0545603568369557	-0.0837595465428015	0.46739113817844	
45.8549452652445	0.532887744608162	0.343682120863069	-1.0995177400705	-0.248410132410462	0.54765687500135	-0.346448183051149	1.09491351172152	-0.21890418025519	-1.0805446196094	0.00276606218806732	0.00460422834898651	0.467314312665652	
45.9776098907416	0.397432056347584	0.297268510111491	-1.09569542510557	-0.50236380728749	0.677144669603572	-0.357365725838622	1.0023478200738	0.0349155369643501	-1.07457672595104	0.0600972157271186	0.0933476050317732	0.46744827032314	
46.1045435405468	0.262029841797058	0.219886556085454	-1.03235238094462	-0.703470659194065	0.794494794633455	-0.339281237976729	0.839297774793466	0.237083019532373	-1.0565246364304	0.119394681891263	0.19305460615116	0.466387639661692	
46.2434696787296	0.123971058397851	0.112330917427868	-0.959636958497308	-0.828794081281493	0.897164175074177	-0.296091087396597	0.639296117450778	0.370551107255999	-1.02113523347191	0.183760169968717	0.320340841046533	0.458242974025494	
46.3987335039118	-0.0220124364909866	-0.0204098554897254	-0.93326123908484	-0.864059383317245	0.980325786956432	-0.232395957497596	0.43797070664308	0.439221527602592	-0.958313350465331	0.252805812987309	0.495290532441763	0.424837855714654	
46.5397232020027	-0.155802277453685	-0.139286525715713	-0.974041608180906	-0.807715373351305	1.03114133491834	-0.168618407619134	0.287934831691395	0.461348989885328	-0.875339057464536	0.307904933334834	0.686106776489514	0.346366383465977	
46.6717766716513	-0.289128941385116	-0.237771273141321	-1.0475002429222	-0.668890234097737	1.06126370122867	-0.107236941564748	0.171525872355421	0.466873635866802	-0.772134759843439	0.345008214706057	0.875974370566785	0.202016598230936	
46.8029500320366	-0.430762411685857	-0.311601469202605	-1.10380502634269	-0.443438052514981	1.0770507927445	-0.0459368278397261	0.070975296836381	0.467426868932004	-0.64628838105853	0.357538297042318	1.03282972950631	-0.0239888164170225	
46.9321827195451	-0.573156892478496	-0.351358845845083	-1.08373466562552	-0.168404709304427	1.08021047480039	0.0144600409487102	-0.0217124473599182	0.467319339849476	-0.507053582321777	0.336898804896361	1.10544711298544	-0.298914630545049	
47.0551044460801	-0.700524020706658	-0.356430050333279	-0.975549709274733	0.0781348684071929	1.07207513381591	0.0719094828304343	-0.111531514964676	0.467363609044139	-0.371551113109135	0.284520567502833	1.08708122423941	-0.545498477451332	
47.1836765109176	-0.815223572369713	-0.333326645749507	-0.802855780283388	0.267664751444306	1.05122940582039	0.131925004789477	-0.215010543159129	0.465560022476869	-0.236005833450565	0.201401640960018	1.01786632344252	-0.733224773921175	
47.3254832492467	-0.914567909853643	-0.285870471754827	-0.600139091549951	0.387885279468899	1.01149535686959	0.197339081837243	-0.349773734802858	0.454505981042584	-0.0969274470158323	0.0885313899175716	0.949912826352812	-0.842391260511482	
47.4840570006611	-0.993486185634702	-0.218957529588578	-0.401824947742159	0.446284862079058	0.941798905060283	0.266656864920428	-0.536028952471488	0.412029274476541	0.0516872805745372	-0.0476993353318621	0.937853900213649	-0.858314136555599	
47.6220822124325	-1.03892231991339	-0.155963850632039	-0.261172489067259	0.463194211390523	0.85482054976696	0.31803346018636	-0.727784242228387	0.321275459831132	0.184101770146553	-0.162069609554333	0.988956731295649	-0.784469671221654	
47.7601074242039	-1.06667192758822	-0.0916752199397698	-0.144101967691151	0.467164562477641	0.740681211866241	0.351584889374738	-0.922944033747568	0.149452751663301	0.325990715722101	-0.25990966943498	1.06704600143872	-0.616617314140941	
47.8918004826334	-1.07907762962608	-0.0301285281605065	-0.0457261467740014	0.467349304841054	0.609131885262026	0.355796908537433	-1.06227791048589	-0.0969528536383659	0.469945744364169	-0.325668380376938	1.1080040572599	-0.370396451202688	
48.0177239067645	-1.07916756093376	0.0287195295195076	0.0442895983452318	0.467375202121163	0.471497567364502	0.326544559335975	-1.10779434282705	-0.3677477885064	0.607669993569373	-0.355264088855494	1.06350474448183	-0.0996274136147624	
48.1414649058616	-1.06806557045477	0.0865581409749493	0.136353348700363	0.467316293382642	0.336025265094228	0.265925213838718	-1.07156673227	-0.602012066825224	0.732040305360664	-0.352483354813679	0.935213383569638	0.134695773442582	
48.2727656943484	-1.04314189044337	0.147778169678997	0.246030892613499	0.464247046752404	0.200147412585161	0.174831548802368	-0.997226429589252	-0.770464955846502	0.842994477858331	-0.322609718481377	0.751195536975755	0.306217909094098	
48.4187667879952	-0.996913255356512	0.214635668492194	0.392287646047008	0.448176574877732	0.059434355629886	0.0548368623172706	-0.938890907158253	-0.856858458684376	0.937478899726747	-0.269472530809476	0.546603261111248	0.408681883806645	
48.5731957357558	-0.922100473873995	0.280434846532127	0.582952925700208	0.395167431222345	-0.0850881880853901	-0.0780847349154156	-0.945580512061302	-0.848068234977691	1.00718866195951	-0.202350111616722	0.362627586361096	0.452900803755347	
48.7085899476449	-0.830303543522099	0.327569986908192	0.775356993870418	0.289107077865854	-0.216802046983486	-0.187532128311455	-1.00652071387009	-0.75411797327832	1.04710559050571	-0.140037858596749	0.23116371999968	0.465010895412467	
48.8436298142949	-0.71273384830726	0.354889580578126	0.960674446281072	0.100493728531611	-0.357943688422831	-0.277865609750026	-1.08131163415467	-0.567904428612922	1.07067753673021	-0.0770239708281107	0.120637187873606	0.467410700081312	
48.9676403586954	-0.585582354312098	0.352766667985464	1.07731209066651	-0.143421260612662	-0.494340123081366	-0.333707861155375	-1.10678333836195	-0.323930155183795	1.07992247739359	-0.0190588068300996	0.0294712476954418	0.467351415796458	
49.091650903096	-0.44921968272006	0.318381674564662	1.10668927744775	-0.40923416863784	-0.628867668889671	-0.357277355544813	-1.04742260967968	-0.0581381926037568	1.07808735160985	0.0388956809801403	-0.0592666677680667	0.467372361241597	
49.2161904780551	-0.313693577611563	0.252692125596934	1.06086170322851	-0.634458304645189	-0.751249224133332	-0.349788693354321	-0.907614940887866	0.167395078667926	1.06494280174502	0.0970965677573763	-0.153246762340646	0.467063225977264	
49.3496170933439	-0.177233182603686	0.156608696849316	0.985337480214086	-0.790285759442642	-0.859835191954825	-0.315817130455473	-0.717687251943999	0.327527408909728	1.03706837455863	0.159208433606147	-0.267650228270085	0.462758350532915	
49.4984171634402	-0.0350799076760963	0.0324698974529299	0.935208065485111	-0.861696216447998	-0.951084519696698	-0.259330661673791	-0.513179724618974	0.419305124966979	0.986164427372918	0.22686076422085	-0.422028340866134	0.442391091481019	
49.6474299688851	0.104706390650392	-0.0953734538982915	0.952663978791782	-0.838657367912873	-1.01430108657736	-0.193669922243447	-0.341249418348088	0.455599459865881	0.909594695927092	0.289043376141728	-0.611414560443691	0.383057908046992	
49.7815427099424	0.236502237529593	-0.201722086292373	1.01817836782138	-0.732663016643839	-1.05131323960034	-0.131753733269819	-0.21458853869225	0.465567332650446	0.814811002070873	0.333475819562181	-0.80358982912913	0.267095683993393	
49.9150629824173	0.377470980704505	-0.287420061884832	1.08932036101568	-0.535721511908686	-1.07264890594044	-0.0694253843075391	-0.107420334892646	0.46737191736288	0.695177925236059	0.356845446192361	-0.981900026123032	0.0683495945458063	
50	0.471021425909284	-0.32599254433013	1.10804244844465	-0.368325760676473	-1.07910278314517	-0.0297276388037698	-0.045029402996451	0.467347774441686	0.608081357236011	0.355720183133889	-1.0630130454482	-0.0990220137652133	
