 0	0.270701956698532	-0.0961112442854562	0.0523575482561941	-0.0340170444039823
 0.159680638722555	0.461811622997691	-0.162139075757684	0.0881427204095779	-0.0572239120293123
 0.31936127744511	0.59087911444366	-0.203309745790169	0.110102457381648	-0.0713847112760825
 0.479041916167665	0.672016975528167	-0.224130084988183	0.120653073829545	-0.078059805983688
 0.63872255489022	0.71652847049011	-0.228482457924335	0.121912429501104	-0.0786268439372848
 0.798403193612774	0.733427731415895	-0.21969604600269	0.115729662364096	-0.0742976231234787
 0.958083832335329	0.72987338238514	-0.200612947489764	0.103715114625424	-0.0661313870709493
 1.11776447105788	0.711512156736909	-0.173654878892402	0.0872623668765612	-0.055054090522879
 1.27744510978044	0.682775033840958	-0.140869746344251	0.0675726284941691	-0.0418665247613441
 1.43712574850299	0.647110407040394	-0.103981662622365	0.0456769966842607	-0.0272599738331385
 1.59680638722555	0.607174989492819	-0.0644353473907316	0.0224516294623763	-0.0118263817707364
 1.7564870259481	0.564995891510639	-0.0234277661857322	-0.00136198148641898	0.00393182569980857
 1.91616766467066	0.522095918953749	0.0180536842857518	-0.0251432311980897	0.0195916668750641
 2.07584830339321	0.47959877494553	0.0592068280319109	-0.04837767402097	0.034801421086617
 2.23552894211577	0.438312422817904	0.0993857943925062	-0.0706460940385839	0.0492726249500421
 2.39520958083832	0.398800768770095	0.13808142533943	-0.0916096392231514	0.0627736660907319
 2.55489021956088	0.361432728791786	0.174899962052026	-0.111004276021491	0.0751210578972965
 2.71457085828343	0.326432755535728	0.209545475448276	-0.128628012608377	0.086177271938146
 2.87425149700599	0.29391245509644	0.241807443248098	-0.1443336307195	0.0958416366035446
 3.03393213572854	0.263898607142892	0.271543526948988	-0.158021752442754	0.104047713564993
 3.1936127744511	0.236357865935227	0.29867190979109	-0.169634066106751	0.110758736940455
 3.35329341317365	0.211210892797652	0.323159208858066	-0.179146953948467	0.115961290921189
 3.51297405189621	0.188349398791879	0.345011836259293	-0.186566615016372	0.119665148228362
 3.67265469061876	0.167644278451771	0.36426961406331	-0.19192379981128	0.121897943655357
 3.83233532934132	0.148956917291226	0.380998874319495	-0.195270405794803	0.122702877437026
 3.99201596806387	0.13214089898079	0.395285407683275	-0.196675262831941	0.122136054409987
 4.15169660678643	0.117050168048758	0.407232448304135	-0.196221483122939	0.120263509015457
 4.31137724550898	0.103540448874658	0.416954646641512	-0.194001995969069	0.117160214854337
 4.47105788423154	0.0914729240519613	0.424574909356869	-0.190119191161201	0.112906697089616
 4.63073852295409	0.0807158267929659	0.430221441511435	-0.184681041173569	0.107590120898114
 4.79041916167665	0.0711445037688156	0.43402646088169	-0.177799463820209	0.10129939639082
 4.9500998003992	0.0626434065395753	0.43612218494973	-0.169589818938021	0.0941265936171054
 5.10978043912176	0.0551038696440048	0.43664096570222	-0.160167684726328	0.0861642752357067
 5.26946107784431	0.048427245671221	0.435713390535409	-0.149648885728924	0.0775052198542333
 5.42914171656687	0.0425226490700954	0.433465805356413	-0.138147827922365	0.0682420262469814
 5.58882235528942	0.0373074948366478	0.430022071094826	-0.125777499903793	0.0584645942170922
 5.74850299401198	0.0327067557538855	0.425499980161461	-0.112647725899043	0.0482616802253195
 5.90818363273453	0.0286524557025791	0.420013384061639	-0.0988641206317753	0.037719065217052
 6.06786427145709	0.0250834809117635	0.413670215153049	-0.0845298775582873	0.0269192936853959
 6.22754491017964	0.0219444896269356	0.406572042051418	-0.0697426319725926	0.0159422971525465
 6.3872255489022	0.0191864285285753	0.398815300621325	-0.054596146273612	0.00486308723370801
 6.54690618762475	0.0167649253179486	0.390490514331334	-0.0391788684571753	-0.00624582462001316
 6.7065868263473	0.0146407584490012	0.381682158223353	-0.0235745502428171	-0.0173176141330486
 6.86626746506986	0.0127788365928769	0.372467674699086	-0.00786188468857669	-0.0282881030984455
 7.02594810379242	0.0111483533767189	0.3629202643833	0.00788562742538266	-0.0390984980560319
 7.18562874251497	0.00972082731365091	0.353106885529747	0.0235992491675051	-0.0496936161976423
 7.34530938123753	0.00847202576981608	0.343090036591168	0.0392159228292226	-0.0600228956095652
 7.50499001996008	0.00738023649518155	0.332924750115809	0.0546771210532483	-0.0700397711621196
 7.66467065868263	0.00642685716086523	0.322663660698594	0.0699294513530184	-0.0797023937107588
 7.82435129740519	0.00559350132478433	0.312352492326871	0.0849236478970589	-0.0889726813996404
 7.98403193612774	0.00486680684426767	0.302034752441452	0.0996158647402532	-0.0978164979698353
 8.1437125748503	0.00423248820468869	0.291747691612924	0.113966575826781	-0.106203277456584
 8.30339321357285	0.00367972923730561	0.281525929386183	0.127939918842416	-0.114106900460503
 8.46307385229541	0.00319775851709809	0.271398909817392	0.141504409050514	-0.121504940775503
 8.62275449101796	0.00277835933755392	0.261394532890962	0.154632971277595	-0.128377949206263
 8.78243512974052	0.00241274517627367	0.25153578716711	0.167301125627508	-0.13470997916104
 8.94211576846307	0.00209469218994987	0.241843589939453	0.179488987139663	-0.140488239180535
 9.10179640718563	0.00181831202822529	0.232335616452279	0.191179520388501	-0.145703387977317
 9.26147704590818	0.00157750013245297	0.223026587043894	0.202358362778348	-0.150348017202203
 9.42115768463074	0.00136841270212869	0.213930104140203	0.213014824957296	-0.15441881451517
 9.58083832335329	0.00118673290409641	0.205056976938417	0.22314050418845	-0.157913538672193
 9.74051896207585	0.00102902110108938	0.196414748488948	0.232729655700426	-0.160833059141249
 9.9001996007984	0.000891776026906004	0.18801092217574	0.24177896099564	-0.16318036812421
 10.059880239521	0.000772840397250385	0.179850352794322	0.250287242243615	-0.164960391167179
 10.2195608782435	0.00066950521142035	0.17193715193772	0.258254918783527	-0.166179857430592
 10.3792415169661	0.000579572700791164	0.16427329207491	0.265685232128038	-0.166847751634434
 10.5389221556886	0.000502161146531467	0.156860322601812	0.272581987625209	-0.166973823670923
 10.6986027944112	0.000434752682557192	0.149697522978981	0.2789510014057	-0.166569986075328
 10.8582834331337	0.000376542589845352	0.142784976783933	0.284799832706251	-0.165649583473091
 11.0179640718563	0.000325449521935325	0.136120153984776	0.290136887777724	-0.164226348032104
 11.1776447105788	0.000281613231568109	0.129700669006084	0.294971202322598	-0.162315395059367
 11.3373253493014	0.000243092455984918	0.123523102670575	0.29931419445446	-0.159933041130639
 11.497005988024	0.000210319984618483	0.117583697658702	0.303176736868282	-0.157096136675185
 11.6566866267465	0.000181784896616333	0.111878150766779	0.306571196313747	-0.153821857003412
 11.8163672654691	0.000157369656046023	0.106402275978503	0.309510718538167	-0.150129230432046
 11.9760479041916	0.000135742960228553	0.101149600155547	0.312008523635419	-0.14603601397857
 12.1357285429142	0.000117162082338317	0.0961161447881676	0.314078494564715	-0.141561818050151
 12.2954091816367	0.000101307767598165	0.0912958000905451	0.315734982261463	-0.136725932153194
 12.4550898203593	8.75672370997088E-05	0.0866827521749103	0.316992727120775	-0.131547947564283
 12.6147704590818	7.6043701273638E-05	0.0822710527826639	0.317866273576826	-0.126047784749639
 12.7744510978044	6.57505074481178E-05	0.0780544752610878	0.318370795491652	-0.120245435649694
 12.9341317365269	5.66975138347081E-05	0.0740269267345901	0.318521334122542	-0.114160749468066
 13.0938123752495	4.85539544617408E-05	0.0701819676705491	0.318333222020122	-0.10781296239975
 13.2534930139721	4.22678790410125E-05	0.0665139992478874	0.317821838551965	-0.101222412016065
 13.4131736526946	3.65258392611826E-05	0.0630162826805114	0.317001508377082	-0.0944076898231478
 13.5728542914172	3.15203705881826E-05	0.0596828036087114	0.31588786478269	-0.0873890083121222
 13.7325349301397	2.73408680171126E-05	0.0565075668071586	0.314495291622238	-0.0801848531473393
 13.8922155688623	2.35566575841543E-05	0.0534846197912675	0.31283888727356	-0.0728140409044894
 14.0518962075848	2.0375513425483E-05	0.050608137133811	0.310932556152222	-0.0652949014731331
 14.2115768463074	1.75270363655625E-05	0.0478716731958303	0.308790914110805	-0.0576458499883136
 14.3712574850299	1.54455082320842E-05	0.0452704766418867	0.306427641978859	-0.0498839288020458
 14.5309381237525	1.2907656312053E-05	0.0427979825814174	0.303856420010847	-0.0420266484523886
 14.6906187624751	1.12325393111766E-05	0.0404497784536838	0.301090947171878	-0.0340901021672137
 14.8502994011976	9.52459988091293E-06	0.0382200451946555	0.298144066879777	-0.0260907572158019
 15.0099800399202	8.40350428997601E-06	0.0361035897900147	0.295028166710258	-0.0180443923877252
 15.1696606786427	7.15785096075444E-06	0.034095473698283	0.291755804767192	-0.00996600834233548
 15.3293413173653	6.19166672308943E-06	0.0321910383739431	0.288338446731571	-0.00187060719606824
 15.4890219560878	5.30710794242114E-06	0.0303854505815056	0.284788432686778	0.00622802256348631
 15.6487025948104	4.76092551501634E-06	0.0286743342256904	0.281116519190377	0.0143162636810112
 15.8083832335329	4.1385833122006E-06	0.0270530329532948	0.277333648703952	0.0223811904329243
 15.9680638722555	3.43746061845985E-06	0.025517330350463	0.273449918839266	0.0304099298716165
 16.127744510978	2.92881920786416E-06	0.0240636734043144	0.269475877576247	0.0383912696687036
 16.2874251497006	2.55758692106556E-06	0.0226877733400201	0.265421238637712	0.0463138531412811
 16.4471057884232	2.2057167835251E-06	0.0213861048184112	0.261294831006427	0.0541663612002056
 16.6067864271457	2.0854926371171E-06	0.0201545776167907	0.257106013299436	0.0619389030486537
 16.7664670658683	1.68655025459974E-06	0.0189897992443284	0.252863007870742	0.069621548830561
 16.9261477045908	1.48641916246877E-06	0.0178889060621758	0.248573885346051	0.0772053625282412
 17.0858283433134	1.24250267860801E-06	0.0168486305642278	0.244246791175756	0.0846817652419905
 17.2455089820359	1.06442450638034E-06	0.0158655717989123	0.239888577624654	0.0920427829904687
 17.4051896207585	7.73810319896766E-07	0.0149372722713178	0.235506916878979	0.0992805660504477
 17.564870259481	7.08434195818413E-07	0.0140606079599074	0.231108114313004	0.106388278579268
 17.7245508982036	5.80618999334386E-07	0.0132328038924143	0.226698813042736	0.113359437573666
 17.8842315369261	4.42155606557031E-07	0.0124515842292156	0.222284915544383	0.120188070978932
 18.0439121756487	4.01682374958219E-07	0.0117143296379535	0.217872286132171	0.12686803601129
 18.2035928143713	3.58945010701174E-07	0.0110186989367319	0.213466043882934	0.133395002216256
 18.3632734530938	2.85076135896478E-07	0.0103625816344957	0.20907133163586	0.139764016499704
 18.5229540918164	3.00871793404382E-07	0.00974404440938289	0.204693138529032	0.145970993087141
 18.6826347305389	3.62321760695577E-08	0.00916095631105777	0.200335456951745	0.15201183421606
 18.8423153692615	3.7927120242922E-08	0.00861140027254271	0.196002497487417	0.157883414546754
 19.001996007984	-5.46730763523719E-08	0.00809346203031965	0.191698912904058	0.163582869420196
 19.1616766467066	-2.42708340939824E-09	0.00760553627615645	0.187427409787625	0.169107470108982
 19.3213572854291	3.04528878432337E-08	0.00714612708526502	0.18319229319135	0.174455494035319
 19.4810379241517	1.94643822242873E-07	0.0067130687829993	0.178995966577878	0.179624516130986
 19.6407185628743	-1.30896988345983E-08	0.00630520371954598	0.174841909705409	0.184613347474051
 19.8003992015968	-2.07392296168318E-07	0.00592126567546286	0.170732226006688	0.189420643975715
 19.9600798403194	2.17043770271592E-07	0.00556022434969785	0.166670104016089	0.194045561402143
 20.1197604790419	2.30629803459277E-07	0.00522025719841878	0.162657202168698	0.198488165411043
 20.2794411177645	3.63379201754966E-07	0.00490068303320155	0.158695619641653	0.202747612494039
 20.439121756487	1.00416968557251E-07	0.00459989177883353	0.154787282796411	0.206824258596108
 20.5988023952096	2.21620627243321E-07	0.00431696375868971	0.150934078588218	0.21071828709627
 20.7584830339321	-8.83072495478768E-08	0.00405072782853946	0.147137527487523	0.214430480983055
 20.9181636726547	1.33112024932731E-07	0.00380066213632014	0.143398715377023	0.217961185231665
 21.0778443113772	1.00778087150594E-07	0.0035652479653757	0.139718755489267	0.221311881013905
 21.2375249500998	3.39343203500112E-07	0.00334429702270263	0.136099118309233	0.224483918721483
 21.3972055888224	1.5437908803687E-07	0.00313639530049747	0.132540410692207	0.227478417236565
 21.5568862275449	1.40086409231266E-08	0.00294157636638908	0.12904337471611	0.230297100700671
 21.7165668662675	-1.61973934464888E-07	0.00275808575673496	0.125608731196076	0.232941915591626
 21.87624750499	3.52494819404769E-08	0.00258587056048982	0.122236596853588	0.235414919841442
 22.0359281437126	-8.3035196965881E-08	0.00242393543419596	0.118927913372888	0.237718159802725
 22.1956087824351	7.2017905624082E-08	0.00227250539525301	0.115682525713915	0.239853692462552
 22.3552894211577	-1.42950206053049E-08	0.00212965142223766	0.112501064326574	0.241824134457501
 22.5149700598802	9.48042719809563E-08	0.00199588038553442	0.109382888787892	0.243632277548965
 22.6746506986028	1.29130372569E-07	0.00187018901488409	0.10632880062551	0.245280444196134
 22.8343313373253	5.02213691794533E-07	0.00175239114779924	0.103338073962841	0.246771789565911
 22.9940119760479	5.07300402563556E-07	0.00164173029018619	0.100410903566982	0.248108742077143
 23.1536926147705	3.70072630613051E-07	0.00153792094336609	0.0975466743903986	0.249294609099614
 23.313373253493	4.27407845787295E-07	0.00144049436067205	0.0947453288919634	0.250332320221371
 23.4730538922156	2.14535759651075E-07	0.00134914958851518	0.0920060822836743	0.251224816303837
 23.6327345309381	1.45500538639788E-07	0.00126335160039601	0.0893291330901542	0.251975266655055
 23.7924151696607	-8.60227062946416E-08	0.00118305453806592	0.0867132083988378	0.252586971340892
 23.9520958083832	1.52250235148495E-08	0.00110766650380749	0.0841584990787726	0.253063344780057
 24.1117764471058	-3.10764295578921E-07	0.00103713593247818	0.0816638962298465	0.253407749521265
 24.2714570858283	-2.38692728010004E-07	0.000970823512585909	0.0792291614999331	0.253623512029819
 24.4311377245509	-1.15616635781405E-07	0.000908749078729267	0.0768530822017263	0.253713860467226
 24.5908183632735	-6.84715202379139E-08	0.000850620860052354	0.0745353926730101	0.253681758430978
 24.750499001996	-1.24245264913469E-07	0.000796117898721906	0.0722750152171042	0.253531642728304
 24.9101796407186	-3.42625977248387E-08	0.000744717815489486	0.0700712397602433	0.253266294495206
 25.0698602794411	2.12163480037168E-07	0.000696888329961243	0.0679233799369407	0.252889280387223
 25.2295409181637	-8.5367259968689E-09	0.000652223277342774	0.0658303864510866	0.252403736691601
 25.3892215568862	-1.05969379079699E-07	0.000610293197987738	0.0637913137398121	0.25181327123034
 25.5489021956088	-1.08523094771462E-07	0.000570745127831975	0.0618057851689849	0.251121195715632
 25.7085828343313	-2.30101034014931E-08	0.000534027474585946	0.0598727118900161	0.250330801782203
 25.8682634730539	-1.80130407389465E-09	0.00049939405172003	0.0579911003046257	0.249446402137072
 26.0279441117764	-1.04491697913579E-07	0.000467157136850545	0.0561599398184109	0.248470300082176
 26.187624750499	-7.62121521270948E-08	0.000436635732684574	0.0543783672324508	0.247406077600979
 26.3473053892216	-1.94522329616357E-07	0.000408370446164332	0.0526458059401854	0.246257037362498
 26.5069860279441	-5.18092840597785E-09	0.000381917963175588	0.0509607895120244	0.245026836426656
 26.6666666666667	-3.69753989234224E-08	0.000357385960200542	0.049322843139151	0.243718331468947
 26.8263473053892	1.94018337106787E-07	0.000334093773795006	0.0477303610561078	0.242334837756952
 26.9860279441118	6.58842009970868E-08	0.000312479857297212	0.0461830357553963	0.240879300791916
 27.1457085828343	5.86884753003202E-08	0.000292110625420163	0.044679430904135	0.239354638990585
 27.3053892215569	-1.19854227519234E-07	0.000273202227049768	0.0432192593183352	0.237764461783601
 27.4650698602794	-1.1794901577121E-07	0.000255218655156349	0.0418010821977999	0.236111637213
 27.624750499002	-1.94488276235749E-07	0.000238523996688347	0.0404239337115599	0.234398979458552
 27.7844311377245	-9.73099660786882E-08	0.00022294097104035	0.0390873066444935	0.232629637409489
 27.9441117764471	-1.55943717724209E-07	0.000208317234099051	0.0377897816531543	0.230806260370927
 28.1037924151697	-4.12798732874915E-07	0.000194632502799926	0.0365309499964419	0.22893173107054
 28.2634730538922	-4.06777900319244E-07	0.000182062878697597	0.0353094506464465	0.227009009839495
 28.4231536926148	-2.65010545494277E-07	0.000169940602956373	0.0341246461130507	0.225040579438182
 28.5828343313373	2.41579797080106E-08	0.000158994298487868	0.0329755663310775	0.223029133455529
 28.7425149700599	-6.27893174790586E-09	0.000148436341783951	0.0318613693211607	0.220977145326633
 28.9021956087824	1.96680955000864E-07	0.000138531023085999	0.0307810475215204	0.218887384858505
 29.061876247505	8.91848100924789E-08	0.00012911802187101	0.0297338277901212	0.216762214210882
 29.2215568862275	2.35166061941721E-07	0.000120982351960035	0.0287189950928497	0.214604215598429
 29.3812375249501	8.73930419850672E-08	0.000112642538545769	0.027735462019029	0.212415413743806
 29.5409181636727	9.53183002829694E-08	0.000105331445661932	0.0267827274561	0.210198143866939
 29.7005988023952	-1.55341406712863E-07	9.81813343949481E-05	0.0258597420405436	0.207954835693755
 29.8602794411178	-2.41202556166724E-07	9.16571827636359E-05	0.0249658536540436	0.205687788737848
 30.0199600798403	-2.31779497215921E-07	8.58289517601783E-05	0.0241002243061889	0.203398960041195
 30.1796407185629	-2.43962269044317E-07	8.02278617041515E-05	0.0232621921248118	0.20109037812236
 30.3393213572854	-3.27020159157571E-07	7.47115937267336E-05	0.0224506726327826	0.19876404249719
 30.499001996008	-1.92622762723641E-07	6.96675474297873E-05	0.0216654861956795	0.196422106213577
 30.6586826347305	8.57290840942049E-08	6.50384724403079E-05	0.0209055509464436	0.194066200164741
 30.8183632734531	1.19474026372343E-07	6.07658131596772E-05	0.0201699050120552	0.191698578164796
 30.9780439121757	7.61093984435163E-08	5.67391580360483E-05	0.0194582688544246	0.189320618515035
 31.1377245508982	2.43082691374769E-07	5.29974266873443E-05	0.0187699246673258	0.186934149367734
 31.2974051896208	2.03614295745148E-07	4.94222929604947E-05	0.0181043074389437	0.184540914698752
 31.4570858283433	1.99069910299366E-07	4.63095874034525E-05	0.0174604371405495	0.182143008260831
 31.6167664670659	7.6807826203623E-08	4.31205313850371E-05	0.0168379488134282	0.179740868156942
 31.7764471057884	5.34578065793826E-08	4.03325890417406E-05	0.0162358121096443	0.177336968974121
 31.936127744511	4.19977236822257E-08	3.76761170649881E-05	0.0156539381212068	0.174931964700476
 32.0958083832335	1.1151288797555E-07	3.52820932396298E-05	0.0150913840662853	0.172527887577545
 32.2554890219561	9.46264099108862E-08	3.30276450426874E-05	0.0145480364199091	0.170125876675196
 32.4151696606786	7.62173312469113E-08	3.07809788557946E-05	0.0140227193770982	0.167727793068833
 32.5748502994012	1.64186749540631E-07	2.86037769694755E-05	0.0135152284508582	0.165333668446364
 32.7345309381238	3.21553685535425E-08	2.66449415176215E-05	0.0130248870432312	0.162945518850331
 32.8942115768463	1.34689485630744E-07	2.48756136718144E-05	0.0125513046147679	0.16056405173508
 33.0538922155689	2.08210057515892E-07	2.32456925255202E-05	0.0120941034973671	0.158190727630352
 33.2135728542914	2.14500599416E-07	2.1820428221206E-05	0.0116522115130351	0.155826607664464
 33.373253493014	1.59215477719596E-07	2.01587998557495E-05	0.0112253674904277	0.153472677504992
 33.5329341317365	2.8592421515712E-07	1.89710828131574E-05	0.0108135294884962	0.151129624949739
 33.6926147704591	2.45575556792659E-07	1.7889748530539E-05	0.0104158425620116	0.148798452076178
 33.8522954091816	2.41236745999873E-07	1.64929418065661E-05	0.0100319680686817	0.146480480591395
 34.0119760479042	2.14849394011735E-07	1.53880944288637E-05	0.00966151057870084	0.144175977226477
 34.1716566866267	3.42981444022196E-08	1.44321832703666E-05	0.0093040311456208	0.141886329215167
 34.3313373253493	-1.73002422339777E-07	1.33996502614425E-05	0.00895876018284429	0.139611610861728
 34.4910179640719	1.02634980484606E-08	1.2276333242716E-05	0.00862587131360225	0.137352998400038
 34.6506986027944	-5.05881882673663E-08	1.15281605127761E-05	0.00830468222336605	0.135110675233604
 34.810379241517	5.11353952096835E-08	1.08333805034586E-05	0.0079945585378517	0.132885996755109
 34.9700598802395	4.32439127149881E-08	1.04874693105118E-05	0.00769561127511809	0.130679165999401
 35.1297405189621	9.64138914597971E-08	9.89485749613687E-06	0.00740720074368118	0.128490930615308
 35.2894211576846	-1.26612797063598E-08	9.22104391880836E-06	0.00712885141413133	0.126321577126727
 35.4491017964072	1.75416143731474E-07	8.52519847556722E-06	0.00686064820967762	0.124171829594579
 35.6087824351297	2.99032644643266E-07	7.97917166662702E-06	0.00660200021966012	0.12204222930952
 35.7684630738523	3.13483105269122E-07	7.48011898763703E-06	0.00635271703968243	0.119932711873499
 35.9281437125749	3.16665727442209E-07	7.00924189726123E-06	0.00611235264467556	0.117844243809778
 36.0878243512974	1.0669822101594E-07	6.59417480887907E-06	0.00588056965139552	0.115777017705226
 36.24750499002	8.58069181236521E-08	6.25918379216733E-06	0.00565723772587216	0.113731443958774
 36.4071856287425	-1.67149485144847E-08	5.96972212822678E-06	0.0054421940788866	0.111707390569183
 36.5668662674651	5.27889303322307E-08	5.63678696517552E-06	0.00523492799119848	0.109705397391841
 36.7265469061876	-1.79107872172768E-08	5.08717776064713E-06	0.00503505408833316	0.107725885037172
 36.8862275449102	9.20287901466556E-08	4.91161412844295E-06	0.00484255411444552	0.10576935631929
 37.0459081836327	-1.31525109302564E-08	4.30897774431462E-06	0.00465690053100231	0.103835742004355
 37.2055888223553	7.5643509230193E-08	4.0631426251325E-06	0.00447851496647503	0.101925246608527
 37.3652694610778	1.41116752131913E-07	3.66130798948336E-06	0.00430648780903734	0.100037882784269
 37.5249500998004	2.94632750724174E-07	3.49648094659165E-06	0.00414075279279861	0.0981740019564742
 37.684630738523	2.26519525076177E-07	3.13224675828706E-06	0.00398109277517545	0.0963333733451392
 37.8443113772455	2.48733856829477E-07	3.20824087980396E-06	0.00382748728121465	0.0945163910027896
 38.0039920159681	5.49220191233838E-08	2.93069551746197E-06	0.00367959408669795	0.0927232364198851
 38.1636726546906	-1.42028918612581E-08	2.84929934223578E-06	0.00353706400198052	0.0909537469637854
 38.3233532934132	-1.98529433155175E-07	2.61901711450274E-06	0.00339989757793783	0.0892082401306602
 38.4830339321357	-1.33351242336921E-07	2.50406906428197E-06	0.003267612201685	0.087486764396363
 38.6427145708583	-8.17639293883028E-08	2.40981316964207E-06	0.00314062204977297	0.0857891092280673
 38.8023952095808	-1.87277574127634E-07	2.09426017105149E-06	0.00301823584780681	0.0841154856010051
 38.9620758483034	-3.45554078010451E-07	1.94203765982127E-06	0.00290038218074241	0.0824657360834325
 39.1217564870259	-3.67890663221491E-07	1.82782707303518E-06	0.002786732120839	0.0808400905835267
 39.2814371257485	7.40679473546461E-08	1.81948349796984E-06	0.0026774468662777	0.0792380366093765
 39.4411177644711	1.66631143633859E-07	1.50231183254731E-06	0.00257250388559812	0.0776600658512459
 39.6007984031936	1.23286491424498E-07	1.48827228523293E-06	0.00247167347718318	0.0761052909973424
 39.7604790419162	-3.17823017876665E-07	1.33865076369245E-06	0.00237418284085162	0.0745741085041799
 39.9201596806387	-2.87649101678652E-07	1.40509073808046E-06	0.00228067512388423	0.0730665973309333
 40.0798403193613	-3.50969351029576E-07	1.28607583520941E-06	0.00219073686266838	0.0715826840117462
 40.2395209580838	-1.66870265144999E-07	1.34426543745537E-06	0.00210440153438258	0.0701219501820742
 40.3992015968064	-2.11380067809598E-07	1.20722320123473E-06	0.00202118612190133	0.0686844145953413
 40.5588822355289	-2.70459187656522E-07	9.64110789741082E-07	0.00194119491620822	0.0672700376717856
 40.7185628742515	-4.78969086603961E-07	6.95664380721708E-07	0.00186402898964842	0.0658784911102906
 40.8782435129741	-4.46477514698596E-07	8.84129264580675E-07	0.00179005204362051	0.0645096835961144
 41.0379241516966	-5.33985173924542E-07	6.06539042158605E-07	0.00171876734850429	0.0631635925189088
 41.1976047904192	-5.11235033388916E-07	5.61448706652882E-07	0.00165033731358056	0.0618398831527637
 41.3572854291417	-3.35995152948182E-07	6.94915647345924E-07	0.0015848056517991	0.0605382469771879
 41.5169660678643	-8.03488170210316E-08	9.91208477193852E-07	0.001521518087292	0.0592588934595947
 41.6766467065868	-1.41098621808778E-07	8.25062199340054E-07	0.00146079687512823	0.0580015142787175
 41.8363273453094	2.10669291807888E-08	8.75124847988429E-07	0.00140235484949071	0.0567657554661327
 41.9960079840319	-4.63548857508425E-08	6.2650475445472E-07	0.0013463891084188	0.0555511629212674
 42.1556886227545	-1.00482246904192E-07	5.7170708428699E-07	0.00129218573633868	0.0543580241997129
 42.315369261477	-1.46364687886938E-07	5.58874158194234E-07	0.00124051121990443	0.0531858466168318
 42.4750499001996	5.79572413331359E-08	3.91048970964422E-07	0.00119063443661855	0.0520348580646214
 42.6347305389222	-1.0865691470992E-07	4.90172678801515E-07	0.00114253096638677	0.0509044477460601
 42.7944111776447	-2.76811297184041E-08	6.40566636499873E-07	0.00109639877730623	0.0497943193468959
 42.9540918163673	1.92371918589941E-08	8.37653649827452E-07	0.00105213064127425	0.0487042221696673
 43.1137724550898	1.05427158533303E-07	8.97185114091164E-07	0.00100970095143947	0.0476343898345776
 43.2734530938124	1.05888390097714E-08	7.66174682985215E-07	0.00096882306594098	0.0465843438526992
 43.4331337325349	1.87988956230565E-07	5.59207323095751E-07	0.000929613633993871	0.0455537609339701
 43.5928143712575	1.52441312555312E-07	2.1602337179864E-07	0.000891803811999423	0.0445423082098557
 43.75249500998	1.99850532134874E-07	1.76131457703937E-07	0.000855687548059321	0.0435500157454091
 43.9121756487026	1.48216495997471E-07	1.8718214069375E-07	0.000820628596641862	0.0425762855233685
 44.0718562874251	1.9917172663362E-07	1.69595363881543E-07	0.000787235530573179	0.0416215177604293
 44.2315369261477	1.70051234736346E-07	-9.49872294242676E-09	0.000755183360371969	0.0406848991587846
 44.3912175648703	2.95241851804056E-07	1.15217627760769E-07	0.000724514478497063	0.0397664148671662
 44.5508982035928	3.2718711474424E-07	3.88062985454192E-07	0.000694547783802162	0.0388654590919392
 44.7105788423154	3.26429209013186E-07	2.13704939709192E-07	0.000666131086513342	0.0379823143536647
 44.8702594810379	3.48347252062788E-07	1.0977287015513E-07	0.000638969564722942	0.0371163691024401
 45.0299401197605	4.04480305030987E-07	5.17971145916191E-08	0.000612689655639099	0.0362676805346661
 45.189620758483	2.62338806914657E-07	3.68217849828678E-07	0.000587365081633026	0.0354358056888149
 45.3493013972056	1.18032878369507E-07	2.86691302685958E-07	0.000563206111275873	0.0346207885905386
 45.5089820359281	1.31929813219859E-07	2.92628813573394E-07	0.000539799100999255	0.0338219649640721
 45.6686626746507	1.65274855419754E-07	3.89615629558898E-07	0.000517496145260781	0.03303930426509
 45.8283433133733	1.0609072676836E-07	5.52805360257865E-07	0.000496190893812367	0.0322724085463957
 45.9880239520958	1.14933285474914E-07	4.45148502435103E-07	0.000475814406376588	0.0315210550147769
 46.1477045908184	2.58234788075612E-07	3.74818779974571E-07	0.000456112063091785	0.0307850463531009
 46.3073852295409	2.12539389400493E-07	4.05410228239692E-07	0.000437361709665195	0.0300641368268764
 46.4670658682635	2.24368606315895E-07	3.11210106691553E-07	0.000419326389351014	0.0293588743754449
 46.626746506986	1.19563050544853E-07	4.27383444705805E-07	0.000402025159281266	0.0286676654119124
 46.7864271457086	6.04810808608494E-08	5.69434756448268E-07	0.000385428221996202	0.0279911012909281
 46.9461077844311	-1.75762579787398E-07	3.90505863944951E-07	0.000369391672883555	0.0273281626032919
 47.1057884231537	-1.36063590353034E-07	2.55323729356588E-07	0.000353944305766988	0.0266797228463128
 47.2654690618762	-1.61227977457482E-07	-3.36746433958626E-09	0.000339276418886442	0.0260446936157789
 47.4251497005988	-2.45042168399017E-07	5.13395994221712E-08	0.000325097282084464	0.0254234732187482
 47.5848303393214	-3.56217406687323E-07	-1.92457681682092E-07	0.000311752898219371	0.0248152593800279
 47.7445109780439	-4.80136622583553E-07	-6.08448044948966E-08	0.000298807914042465	0.0242199742035659
 47.9041916167665	-2.89253183793113E-07	-1.60745412613706E-08	0.000286563124035963	0.0236376187009056
 48.063872255489	-1.34289958886849E-07	-1.56850103263062E-10	0.000274604822112307	0.0230677983634433
 48.2235528942116	1.07629163526761E-07	-1.23615739223215E-07	0.000263183205074439	0.0225103872372304
 48.3832335329341	-7.04956951589102E-08	-2.39650813531381E-07	0.000252019140357899	0.0219650084834332
 48.5429141716567	-1.60622311775208E-07	-2.95469249745932E-07	0.000241440332089999	0.0214315631151158
 48.7025948103792	-2.88173170783574E-07	-2.15463182852435E-07	0.000231190854734895	0.0209097533696188
 48.8622754491018	-1.03011697266461E-07	-8.02800176695537E-08	0.000221374615139648	0.02039940649237
 49.0219560878243	-4.63336010551435E-09	6.52447666224281E-08	0.000211955960792251	0.019900455299761
 49.1816367265469	-6.81749086918593E-08	2.92193141132325E-07	0.000202968054944646	0.0194128148787835
 49.3413173652695	-1.35943135344403E-07	5.84340275398096E-07	0.000194433069381075	0.0189358072858185
 49.500998003992	-9.81075905512803E-08	5.59660170572049E-07	0.000186170492244112	0.0184694360896109
 49.6606786427146	-1.0695634980814E-07	6.01041182294633E-07	0.000178410935018528	0.0180136224486784
 49.8203592814371	-5.20170345937497E-08	4.13015013653233E-07	0.000170917413060419	0.0175680380288362
 49.9800399201597	-6.10531345079795E-09	2.40200359041881E-07	0.000163770621717504	0.0171323154912609
 50.1397205588822	9.87880838873106E-08	2.34805902289836E-08	0.000156759480501295	0.0167066908554009
 50.2994011976048	3.58141821811301E-08	-9.5495026402326E-08	0.000150455284251193	0.0162906553666343
 50.4590818363273	4.04820343825048E-07	-5.21945340582392E-08	0.000144231267897215	0.0158841147753344
 50.6187624750499	4.20213269709722E-07	5.57091420509674E-08	0.000138152025846038	0.0154868992341885
 50.7784431137725	2.94354645607777E-07	5.38579146809642E-08	0.000132498848747203	0.015098616896767
 50.938123752495	-5.80581913841425E-08	8.21407598649998E-09	0.000126994176579624	0.0147194846154969
 51.0978043912176	-2.85341336728457E-08	-1.39727706968934E-07	0.000121580994012897	0.0143490712762003
 51.2574850299401	-7.18492872230742E-08	-2.2035906558234E-07	0.000116503743608926	0.0139873681094951
 51.4171656686627	1.66567435976105E-08	-3.00915237063524E-07	0.000111895660877877	0.0136339898094877
 51.5768463073852	1.08817044309459E-07	-3.84608115837838E-07	0.000107178186499131	0.0132887911771467
 51.7365269461078	9.2140493813781E-08	-3.85403759170859E-07	0.000102602859025723	0.0129512844908757
 51.8962075848303	1.40792333619704E-08	-3.0377011878449E-07	9.8324996872804E-05	0.0126218789721197
 52.0558882235529	1.49760579608276E-08	-3.41642986690637E-07	9.41585650272901E-05	0.0123002780586612
 52.2155688622754	1.69885077495678E-07	-3.17894426762512E-07	9.02798715575916E-05	0.0119860449364169
 52.375249500998	3.55055732899714E-07	-5.36773902359002E-07	8.64717401037555E-05	0.0116795265919427
 52.5349301397206	3.82996948404419E-07	-5.67389623952925E-07	8.27744749091199E-05	0.0113802410562857
 52.6946107784431	2.55798269631895E-07	-5.39615518131665E-07	7.92847551548076E-05	0.0110879831468148
 52.8542914171657	2.41061772074707E-07	-1.7463420100682E-07	7.58477163932915E-05	0.010802678419016
 53.0139720558882	3.51619925899472E-07	-3.51544298057594E-07	7.26437034912765E-05	0.0105243391608568
 53.1736526946108	2.36534178465925E-07	-2.5105533421012E-07	6.94997885211355E-05	0.0102526163921954
 53.3333333333333	5.89586609414121E-08	-3.24688888218481E-07	6.66269456644887E-05	0.00998756332139085
 53.4930139720559	-1.12953825725918E-08	-1.71852641875312E-07	6.36877436826398E-05	0.00972892136607286
 53.6526946107784	-1.46974976942225E-07	-3.40240935596523E-07	6.10319506746459E-05	0.00947659032395971
 53.812375249501	-7.47341153409107E-08	-4.62478240459157E-07	5.85575412472295E-05	0.00923038323726962
 53.9720558882236	1.1728289615804E-07	-6.24946371353048E-07	5.61561650535372E-05	0.00898986341859023
 54.1317365269461	1.2175500149343E-07	-6.6173045736058E-07	5.37249912158012E-05	0.00875532121815031
 54.2914171656687	8.7151704269807E-08	-7.29192853317293E-07	5.15997576121795E-05	0.00852662782611387
 54.4510978043912	1.69733003235859E-07	-7.86041585346362E-07	4.96994148195021E-05	0.00830341856689782
 54.6107784431138	1.90530427231329E-08	-9.06736689221265E-07	4.76020112465881E-05	0.00808576351308569
 54.7704590818363	-2.64169245577616E-07	-1.06873464684686E-06	4.53597116676517E-05	0.00787342017787723
 54.9301397205589	-2.77977545237132E-08	-1.11101008763412E-06	4.34084536275867E-05	0.00766608125057655
 55.0898203592814	7.5733585227685E-08	-1.11556614237681E-06	4.14942275489868E-05	0.00746405838831409
 55.249500998004	1.58752146495539E-07	-1.0143308856759E-06	3.97425076273344E-05	0.00726704775022755
 55.4091816367265	1.54105463284623E-07	-9.39972624671758E-07	3.80846148096175E-05	0.0070750279170078
 55.5688622754491	7.72539796600316E-08	-8.52172811729491E-07	3.64332520001515E-05	0.00688766038534715
 55.7285429141717	-1.41191207165199E-07	-7.03053274793913E-07	3.46472719262459E-05	0.00670507357062733
 55.8882235528942	1.4157899959002E-08	-5.36176678425685E-07	3.3465212056291E-05	0.00652682044846787
 56.0479041916168	1.69058107092475E-07	-6.31711558226591E-07	3.22137560166721E-05	0.0063533138573989
 56.2075848303393	7.37025926092574E-08	-8.04741838053511E-07	3.08238570124189E-05	0.0061838097093293
 56.3672654690619	-8.83828182494334E-08	-7.89738970717213E-07	2.93412640613049E-05	0.00601850306138629
 56.5269461077844	-3.50600155177548E-07	-5.6912080950861E-07	2.7895335249383E-05	0.00585765684504266
 56.686626746507	-5.09364289314068E-07	-6.25801427990109E-07	2.66316417670429E-05	0.00570088683667587
 56.8463073852295	-4.0779500186717E-07	-5.01449650605809E-07	2.57153347258679E-05	0.00554812676184606
 57.0059880239521	-3.74524893121161E-07	-3.32223575105732E-07	2.46940179929981E-05	0.00539902897915306
 57.1656686626746	-4.63401570547823E-07	-3.9239048683365E-07	2.36462779197957E-05	0.00525369512583772
 57.3253493013972	-4.00143419922645E-07	-3.84623538500227E-07	2.28198246597929E-05	0.00511199459387975
 57.4850299401198	-2.79462736004655E-07	-5.2306076584864E-07	2.1992105657873E-05	0.00497413687335768
 57.6447105788423	-3.08805577605463E-07	-5.8416936742774E-07	2.10737615087948E-05	0.00483987468547769
 57.8043912175649	-3.67763262994339E-07	-5.85618786876901E-07	2.03464162552863E-05	0.00470906257253198
 57.9640718562874	-3.97103893490297E-07	-5.64310503807429E-07	1.93586521356051E-05	0.00458143970604897
 58.12375249501	-5.22334266402651E-07	-7.27781862825177E-07	1.83877661716694E-05	0.00445718290293659
 58.2834331337325	-4.36201345897854E-07	-4.8970439866534E-07	1.76372215264943E-05	0.00433620917443781
 58.4431137724551	-3.43454418961756E-07	-5.16151462556495E-07	1.6805215225417E-05	0.00421814696554194
 58.6027944111776	-4.03809263643067E-08	-4.14082175780974E-07	1.59916250951049E-05	0.0041029617300035
 58.7624750499002	-1.10843825884506E-07	-3.59899822988734E-07	1.54754562531961E-05	0.0039908656849986
 58.9221556886228	-2.55304635186288E-07	-5.04137404901646E-07	1.48495239530222E-05	0.00388168953813104
 59.0818363273453	-3.94896455352741E-07	-4.32982178508762E-07	1.4006516502179E-05	0.00377535346934731
 59.2415169660679	-2.2334896447593E-07	-2.51812347307857E-07	1.35194847533118E-05	0.00367207119896344
 59.4011976047904	-1.81322595044207E-07	-2.49271272725102E-07	1.28422693903153E-05	0.00357136273800618
 59.560878243513	-7.58723316085563E-08	-1.62382294611265E-07	1.21220387881054E-05	0.00347347311827194
 59.7205588822355	1.37629513756728E-08	-4.9215683625786E-08	1.16031362859324E-05	0.00337786727050683
 59.8802395209581	-4.76518796711925E-08	-1.6441492750872E-07	1.11752843258332E-05	0.003284668712484
 60.0399201596806	8.23626290848892E-08	-1.18698173338277E-07	1.0780235992858E-05	0.00319390777174346
 60.1996007984032	2.01332701233811E-07	8.11651750465839E-08	1.02355650349877E-05	0.00310544422302108
 60.3592814371258	2.33627273557849E-07	-4.83792453250211E-08	9.74339789303384E-06	0.0030195019325399
 60.5189620758483	1.15022938044921E-07	-2.66213276086147E-09	9.54046447475634E-06	0.00293592535472683
 60.6786427145709	2.40206618560522E-07	-6.22668254787501E-08	9.30806079417852E-06	0.00285452951910095
 60.8383233532934	1.35321411931278E-07	-1.97966719334777E-07	8.88938514375915E-06	0.00277514252362024
 60.998003992016	2.43677734320108E-07	-1.42133755341269E-07	8.56133923554375E-06	0.00269813726617482
 61.1576846307385	2.95400030044493E-07	-2.07451591551072E-07	8.42926010908248E-06	0.00262297008289471
 61.3173652694611	2.10438553194052E-07	-4.19133263068395E-07	8.00026218005646E-06	0.00254966367352202
 61.4770459081836	1.86625828587852E-07	-4.16916805673247E-07	7.74287212417861E-06	0.00247837865149572
 61.6367265469062	5.19389190198313E-07	-3.973068148227E-07	7.67803573113031E-06	0.0024090997758439
 61.7964071856287	7.74148083702519E-07	-4.91887316505001E-07	7.37172957381261E-06	0.00234174410837419
 61.9560878243513	6.42391697409984E-07	-6.22704406417366E-07	7.11497689205257E-06	0.00227603167448193
 62.1157684630739	5.72023732069491E-07	-5.92595760347305E-07	6.8268357859729E-06	0.00221178598231792
 62.2754491017964	2.3092562419731E-07	-7.31218605966995E-07	6.66192126657202E-06	0.00214954053907064
 62.435129740519	1.41902054405656E-07	-6.29038155511045E-07	6.40671413904088E-06	0.00208909039619596
 62.5948103792415	3.3328519020642E-08	-7.73301494875115E-07	6.33500791305736E-06	0.00203010442489236
 62.7544910179641	7.12863029605586E-08	-5.7341436062031E-07	6.02140492132526E-06	0.0019729152229904
 62.9141716566866	-1.4558459265948E-07	-8.08231206559716E-07	5.71259526893096E-06	0.00191708694060108
 63.0738522954092	-5.05232740656612E-08	-7.51651441924812E-07	5.21685654161025E-06	0.00186281963883172
 63.2335329341317	7.08520041362177E-08	-6.49931953842452E-07	4.70776060068861E-06	0.0018101262800628
 63.3932135728543	5.7685708966464E-08	-5.29380308398337E-07	4.51774633936103E-06	0.00175905014366965
 63.5528942115768	1.25355649218209E-07	-6.70313911569548E-07	4.31647050395506E-06	0.00170908135023632
 63.7125748502994	2.4923216930132E-07	-6.68831518059273E-07	4.04487229256721E-06	0.00166053456866585
 63.872255489022	3.30397165781331E-07	-4.57739716085635E-07	3.81840180211702E-06	0.00161302321090566
 64.0319361277445	5.3451681220232E-08	-5.5615368891382E-07	3.63230622258563E-06	0.00156666970223174
 64.1916167664671	1.13749506709976E-07	-5.98270510312541E-07	3.48012624796377E-06	0.00152198160383789
 64.3512974051896	7.88519586819677E-08	-4.18406021935873E-07	3.29823604766403E-06	0.00147835622195617
 64.5109780439122	-2.51591273225205E-07	-3.07963764137046E-07	3.07600354909648E-06	0.001435997194329
 64.6706586826347	-4.93035258245149E-07	-3.29912996095771E-07	2.74599313250279E-06	0.00139481682923054
 64.8303393213573	-3.20731484361875E-07	-3.5318449700269E-07	2.47831180838639E-06	0.00135481500618037
 64.9900199600798	-1.93703603546767E-07	-3.58849970140698E-07	2.39613651375814E-06	0.0013159652868595
 65.1497005988024	-1.85507333243128E-07	-3.53705380620975E-07	2.31294218448917E-06	0.00127819091864152
 65.3093812375249	1.59751350058478E-07	-6.31675005986899E-07	2.35362956207072E-06	0.00124142797418538
 65.4690618762475	1.62814167053719E-07	-6.85297550157894E-07	2.43560911664914E-06	0.00120547995063926
 65.6287425149701	-8.97437187490807E-08	-6.6680920604156E-07	2.44223357246151E-06	0.00117055070404224
 65.7884231536926	-9.20037932112479E-08	-7.18876356853918E-07	2.6716143600535E-06	0.00113654668043051
 65.9481037924152	1.47982174162927E-07	-8.18335634092944E-07	2.61750422737119E-06	0.00110356909730415
 66.1077844311377	1.53535796606212E-07	-6.27541822364816E-07	2.62449901835245E-06	0.00107157841637568
 66.2674650698603	1.5948418548583E-07	-5.34205457051023E-07	2.1726449174104E-06	0.00104052174711991
 66.4271457085828	3.64968981113369E-08	-6.04109428983646E-07	2.2078614691483E-06	0.00101041255292713
 66.5868263473054	-3.68891928610989E-07	-3.36368918454112E-07	2.03336434094817E-06	0.000980577243066745
 66.7465069860279	-5.8860557079547E-07	-3.31989469761763E-07	1.89913314681021E-06	0.000951591245743718
 66.9061876247505	-3.4303547872227E-07	-1.46902885624527E-07	1.56660548001048E-06	0.000923651679182098
 67.065868263473	-2.99617730678158E-07	-2.18960721624534E-07	1.62986648669727E-06	0.000896368394338054
 67.2255489021956	-2.09642836664211E-07	-2.08074485166154E-07	1.39542702977533E-06	0.000869622667083051
 67.3852295409182	-2.74957977208944E-08	-5.3937355515973E-08	1.35631281466846E-06	0.00084382329809211
 67.5449101796407	1.37933027651785E-07	8.41424232062135E-08	1.17673168962918E-06	0.000819243480003453
 67.7045908183633	-5.38613565636424E-08	8.7255338871061E-08	9.38868972120404E-07	0.000795251308506765
 67.8642714570858	-7.43278979462945E-08	1.45316727049982E-07	5.82623368964613E-07	0.000771886012761996
 68.0239520958084	-1.09541127384238E-07	3.6185632683597E-07	5.57089930654842E-07	0.000748948872433509
 68.1836327345309	2.38411850886433E-08	5.87291521607746E-08	4.09354382015247E-07	0.000726641243942012
 68.3433133732535	2.32510142365988E-07	2.24449855939147E-07	4.27844227651369E-07	0.000704772750667731
 68.502994011976	2.99224525145705E-07	2.23165402328122E-07	3.93189923712672E-07	0.000683496341940776
 68.6626746506986	1.82097984272437E-08	2.94463298809024E-08	3.49188077172531E-07	0.000662813055574738
 68.8223552894212	-1.33225931904128E-07	2.58667052188993E-07	3.97618299286372E-07	0.000642925974816926
 68.9820359281437	-2.29917982304269E-07	2.79178936142624E-07	5.91415243404682E-07	0.000623666089675091
 69.1417165668663	-1.71310369884165E-07	1.98192402098851E-07	6.41051353971062E-07	0.000605233914994671
 69.3013972055888	-1.02358902043197E-07	-1.33450445046587E-07	8.45976926851174E-07	0.000586928541081335
 69.4610778443114	-9.77544840775537E-08	-3.87138340287084E-09	9.78846270095327E-07	0.000569109628370336
 69.6207584830339	-3.14473116521233E-07	-2.64120608744112E-07	1.09206741450078E-06	0.000551580509837766
 69.7804391217565	-1.47666562387377E-07	-4.15635340315253E-07	1.15369391291973E-06	0.000534790320196127
 69.940119760479	2.2277065961449E-07	-5.78187083687359E-07	1.56993884067753E-06	0.000518416803213786
 70.0998003992016	2.76245514006371E-07	-3.24247365371853E-07	1.69013621296977E-06	0.00050260281457054
 70.2594810379241	9.31564217544641E-08	-1.71727151438196E-07	1.50374955896746E-06	0.000487083673390235
 70.4191616766467	9.41691863017698E-09	-2.18946663859023E-07	1.3305627197253E-06	0.000471659932336531
 70.5788423153693	-2.3157121824502E-08	-2.82248258520198E-07	1.57416726978325E-06	0.000456805351602401
 70.7385229540918	-1.98191187774806E-07	-1.93523877222291E-07	1.72033697794746E-06	0.000442523805921807
 70.8982035928144	-6.89807941283977E-08	-1.86283036186009E-07	1.55307011909375E-06	0.000428715640424287
 71.0578842315369	9.74871071527457E-08	-2.71800895333646E-08	1.49068717090712E-06	0.000414961930815153
 71.2175648702595	5.92053465843421E-08	-1.64468871754731E-07	1.35720095779328E-06	0.000401641456767973
 71.377245508982	1.52243546790289E-07	-2.52630079749356E-07	1.1607547400948E-06	0.000388572952239208
 71.5369261477046	3.83000051381811E-07	-1.87169013287715E-07	1.14543780429377E-06	0.000375985768295892
 71.6966067864271	4.42127290422582E-07	-1.86288252076207E-07	1.05219089139829E-06	0.000363839316846218
 71.8562874251497	2.47084255718288E-07	-3.05011257037089E-07	8.16651979697364E-07	0.000351874150989854
 72.0159680638723	2.93218249238806E-07	-2.02086821452629E-07	7.56592966964065E-07	0.00034021622181092
 72.1756487025948	4.8576961779821E-08	-4.08180068498436E-08	6.03308393843616E-07	0.00032904001335609
 72.3353293413174	-6.44091138197998E-08	-2.57756334582384E-07	6.19761815462808E-07	0.000318409358660297
 72.4950099800399	-1.89400208382352E-07	-2.62638668281761E-07	8.86943952644696E-07	0.000307670697882396
 72.6546906187625	-2.57487488616673E-07	-2.93600115628178E-07	8.85077131254784E-07	0.000297285680366682
 72.814371257485	-3.70284942305745E-07	-5.10831900154029E-07	9.95474918178037E-07	0.000287312476870521
 72.9740518962076	3.38317127078026E-08	-5.27887337742928E-07	1.10022982827213E-06	0.000277991967311039
 73.1337325349301	2.96627813627139E-07	-5.63164889568208E-07	1.11189340118351E-06	0.000268441496108622
 73.2934131736527	3.92024076105379E-07	-7.19377409630201E-07	9.08692257067427E-07	0.000258936738946432
 73.4530938123752	1.30436819823024E-07	-8.01221865438934E-07	1.12707926679681E-06	0.000249450867996719
 73.6127744510978	-1.54378416540817E-07	-8.78197151460621E-07	1.02810719383062E-06	0.000240692528535226
 73.7724550898204	-3.28558595936966E-07	-9.2387714730358E-07	1.12173653199743E-06	0.000232182140099577
 73.9321357285429	6.93060919977216E-09	-6.01939389525969E-07	1.40446552386283E-06	0.000223799040876765
 74.0918163672655	6.37653928675776E-08	-4.98825547563797E-07	1.44471462285308E-06	0.000215372188816569
 74.251497005988	2.33551618798848E-07	-4.00726492466864E-07	1.29259212451368E-06	0.000207540376791016
 74.4111776447106	1.56555661772283E-07	-5.13817972869061E-07	1.39548503408373E-06	0.000199897706848662
 74.5708582834331	9.54357041965597E-08	-5.2380869137813E-07	1.36245579234968E-06	0.000192025658254005
 74.7305389221557	-3.09669204563263E-10	-3.74885701842486E-07	1.1601622964125E-06	0.000184174256319394
 74.8902195608783	2.9732082382614E-07	-1.82348657882022E-07	8.91446293173104E-07	0.000176643186818512
 75.0499001996008	-5.10943321469528E-08	-9.43833250100868E-08	4.22527523617687E-07	0.000169019857367909
 75.2095808383233	-5.01186168730428E-07	-2.57717555609883E-07	3.45543607906143E-07	0.000161796806324311
 75.3692614770459	-4.86374641206704E-07	2.17262383753829E-07	4.74881925328078E-07	0.00015493289122467
 75.5289421157685	-2.11835451383224E-07	1.92112868543798E-07	5.23959568253E-07	0.000148497568289687
 75.688622754491	-1.65854397159436E-07	1.94440463724117E-07	3.64854093536404E-07	0.000142142995899118
 75.8483033932136	-8.65526705722468E-08	-9.69783051718715E-08	4.02277519445465E-07	0.000135914289380219
 76.0079840319361	2.60024543142771E-08	-1.67985640314597E-07	3.80967961198115E-07	0.000129517614133043
 76.1676646706587	-1.3191906182513E-07	-2.13529166923288E-07	3.89131209298391E-07	0.000123162309300352
 76.3273453093812	-2.01829923510738E-07	-2.64251697106663E-07	1.59907416312993E-07	0.000116893286817894
 76.4870259481038	-3.25098026829005E-07	-2.45280790507902E-07	-8.16341968591516E-08	0.000110581861778589
 76.6467065868264	-1.87322119994464E-07	-3.36025538342464E-07	-1.42178526562857E-07	0.000104622408300663
 76.8063872255489	5.84396650652887E-08	-2.8877620494278E-07	2.00419904997736E-07	9.90905729403435E-05
 76.9660678642715	3.75162085412727E-07	6.20601921673089E-08	3.96876514478514E-07	9.36851991178204E-05
 77.125748502994	1.97640964189479E-07	1.92184814928468E-08	2.15405203717371E-07	8.81480735160553E-05
 77.2854291417166	-2.30169912798842E-09	-2.05235651725478E-07	3.08481486084583E-07	8.23984983823076E-05
 77.4451097804391	-1.89748992532122E-07	-5.46646066121201E-07	3.9191488736374E-07	7.71393807025542E-05
 77.6047904191617	-1.33770547693277E-07	-2.74763008314295E-07	4.15486298522729E-07	7.20450406276809E-05
 77.7644710578842	-1.92368441980183E-07	-1.86557882186099E-07	3.74743667241707E-07	6.67788017249962E-05
 77.9241516966068	-3.86245419010054E-07	-1.56650893098378E-07	2.2490989163349E-07	6.10749145416463E-05
 78.0838323353293	-4.11803604079494E-07	-1.26680142213505E-07	-5.51542808161121E-08	5.54106508176039E-05
 78.2435129740519	-2.05731973600936E-07	1.16493517982703E-07	-9.426216374859E-08	5.02896604370485E-05
 78.4031936127744	-9.28158318318971E-09	4.67903752019783E-07	1.78598837788715E-07	4.52328893199898E-05
 78.562874251497	1.49673933312176E-07	4.14026447380376E-07	8.3776749629547E-08	4.02565846717077E-05
 78.7225548902196	3.42418887204385E-07	5.07955367440644E-07	-3.1593876760626E-08	3.489085598295E-05
 78.8822355289421	1.20346986325685E-07	2.48661971555901E-07	-1.29967419979969E-07	2.97789421991408E-05
 79.0419161676647	-1.33227783529275E-07	1.30650627275701E-07	-7.9595611556457E-08	2.47678721936614E-05
 79.2015968063872	-2.60883755440842E-07	2.0414901639438E-07	2.52813036097694E-08	1.98267991756425E-05
 79.3612774451098	-3.97440570349379E-07	2.00443696482886E-07	-7.50317085348062E-08	1.4996568995187E-05
 79.5209580838323	-4.69686575172804E-07	8.12399061933827E-08	-1.59047372083203E-07	1.00206954104882E-05
 79.6806387225549	-2.51764648742409E-07	-3.19544946007375E-08	-9.06534445935129E-08	4.99057482501765E-06
