 0	0	0	0	0
 0.159680638722555	0.272228654420955	-0.0959237730032268	0.0521817077374576	-0.0325301842287458
 0.31936127744511	0.46410410730262	-0.16175704652455	0.087815780612408	-0.0547055719414075
 0.479041916167665	0.593414632103977	-0.202732388667564	0.109648556451944	-0.0682165786408909
 0.63872255489022	0.674448148937476	-0.223366000108827	0.120094644702069	-0.0745597334457244
 0.798403193612774	0.718637969867486	-0.227543789589964	0.121270274628201	-0.0750555530323008
 0.958083832335329	0.735094182179767	-0.218597924587998	0.115023666450025	-0.0708649928309558
 1.11776447105788	0.731040360632039	-0.199374853003126	0.102962670040141	-0.0630045774585044
 1.27744510978044	0.712171978463121	-0.172295691817774	0.086479896905057	-0.0523603056100892
 1.43712574850299	0.682950117136469	-0.139409788501836	0.0667755536512566	-0.0397004182951589
 1.59680638722555	0.646841765998415	-0.102442179546616	0.0448781689190217	-0.0256871133610052
 1.7564870259481	0.606516079496884	-0.062835597069605	0.0216633907502546	-0.0108872836789183
 1.91616766467066	0.564004357904052	-0.0217876081868901	-0.00212898254237259	0.00421764884962045
 2.07584830339321	0.52083018451836	0.0197165878865439	-0.0258795877989173	0.0192227361972047
 2.23552894211577	0.478115043652471	0.0608752338984321	-0.0490755604204584	0.0337912813337208
 2.39520958083832	0.43666382217158	0.101044537200181	-0.0712979484586203	0.047647331163726
 2.55489021956088	0.397033831845228	0.139716262100961	-0.092210360257654	0.0605688308862381
 2.71457085828343	0.359590354329154	0.176498052437066	-0.1115487379258	0.0723813891410967
 2.87425149700599	0.324551183487298	0.211096180298635	-0.12911215760437	0.0829526068204489
 3.03393213572854	0.292022202859888	0.243300448747446	-0.144754565532814	0.0921869257114732
 3.1936127744511	0.262025674237768	0.272971005047018	-0.158377366324271	0.10002095621105
 3.35329341317365	0.234522613877127	0.300026846721321	-0.169922786713476	0.106419246227703
 3.51297405189621	0.209430385339573	0.324435825942996	-0.179367944359137	0.111370456073105
 3.67265469061876	0.186636433479609	0.346205978581538	-0.186719557114723	0.114883906656247
 3.83233532934132	0.166008915399079	0.365378022947222	-0.192009233560949	0.116986470638962
 3.99201596806387	0.14740484514419	0.382018890056679	-0.195289290553577	0.117719778402024
 4.15169660678643	0.130676254455596	0.39621616230988	-0.196629048112518	0.117137712716196
 4.31137724550898	0.115674777769265	0.408073310976602	-0.196111556191445	0.115304167921445
 4.47105788423154	0.102254992391401	0.417705634997812	-0.193830711747967	0.112291051198519
 4.63073852295409	0.0902767814141477	0.425236814453128	-0.189888728107783	0.108176505178312
 4.79041916167665	0.0796069350752835	0.430796001755881	-0.184393921905145	0.103043332683391
 4.9500998003992	0.0701201638821319	0.43451538232597	-0.17745878590788	0.0969776058398436
 5.10978043912176	0.0616996622488142	0.436528144260617	-0.169198318817951	0.0900674431428552
 5.26946107784431	0.0542373332540483	0.436966803466993	-0.159728585696606	0.0824019393124883
 5.42914171656687	0.047633762269272	0.435961836922284	-0.149165485013538	0.0740702339427565
 5.58882235528942	0.0417980086870896	0.433640582261632	-0.137623700478168	0.0651607060329459
 5.74850299401198	0.0366472700154209	0.430126366830624	-0.125215817792686	0.055760282500323
 5.90818363273453	0.0321064605472927	0.425537833738064	-0.112051588284603	0.0459538497128011
 6.06786427145709	0.0281077371371933	0.419988436361968	-0.0982373230438699	0.0358237579534185
 6.22754491017964	0.0245899968734556	0.413586076246992	-0.0838754027177004	0.0254494095398478
 6.3872255489022	0.0214983652711488	0.40643286242965	-0.0690638895161112	0.0149069220757522
 6.54690618762475	0.0187836887247436	0.398624972979289	-0.0538962292627049	0.00426885901029159
 6.7065868263473	0.0164020411108927	0.390252601984105	-0.0384610324977964	-0.00639597966885381
 6.86626746506986	0.0143142514195792	0.381399977375315	-0.0228419247131266	-0.0170227131816991
 7.02594810379242	0.0124854569534343	0.372145436898394	-0.00711745677712512	-0.0275504881562823
 7.18562874251497	0.0108846848370065	0.362561551234446	0.00863893249568734	-0.037922544781176
 7.34530938123753	0.00948446321157405	0.352715284771139	0.0243589088612408	-0.0480862459297865
 7.50499001996008	0.00826046246844213	0.342668185842484	0.0399791967341168	-0.0579930738333092
 7.66467065868263	0.00719116612290688	0.332476599419288	0.0554415006549777	-0.0675985984698141
 7.82435129740519	0.00625757039422195	0.322191896254542	0.0706923993274065	-0.0768624214585874
 7.98403193612774	0.00544291118718166	0.311860713385696	0.0856832168528318	-0.0857480988994587
 8.1437125748503	0.00473241693070122	0.301525201682621	0.100369875281949	-0.0942230462743887
 8.30339321357285	0.00411308558786076	0.291223276818362	0.114712732137792	-0.102258428231221
 8.46307385229541	0.00357348408620332	0.280988870640651	0.128676406145529	-0.109829035795499
 8.62275449101796	0.00310356840749833	0.270852180445572	0.142229594023414	-0.116913153303934
 8.78243512974052	0.00269452260757399	0.260839914109434	0.155344880844973	-0.123492417121008
 8.94211576846307	0.00233861509729986	0.250975529428963	0.167998546171199	-0.129551667986848
 9.10179640718563	0.00202907059609595	0.241279466360238	0.180170367870606	-0.13507879864859
 9.26147704590818	0.0017599562622894	0.231769371139845	0.191843425291707	-0.140064598247722
 9.42115768463074	0.0015260806047526	0.22246031152302	0.203003903224606	-0.144502594771181
 9.58083832335329	0.00132290388339678	0.21336498258818	0.213640897883521	-0.14838889672319
 9.74051896207585	0.00114645880918791	0.204493902739655	0.223746225958357	-0.151722035036956
 9.9001996007984	0.000993280455165876	0.195855599694564	0.233314237618913	-0.154502806119439
 10.059880239521	0.00086034438690963	0.187456786369248	0.242341634208303	-0.156734116807567
 10.2195608782435	0.000745012112941598	0.179302526688468	0.250827291231083	-0.158420831909692
 10.3792415169661	0.000644983042042264	0.171396391429672	0.258772087124966	-0.15956962491101
 10.5389221556886	0.000558252214990098	0.163740604287275	0.26617873820157	-0.160188832335273
 10.6986027944112	0.000483073152720848	0.156336178400478	0.273051640050115	-0.160288312176947
 10.8582834331337	0.000417925231349518	0.149183043634397	0.279396715617286	-0.15987930674713
 11.0179640718563	0.000361485057075671	0.142280164940061	0.285221270105591	-0.158974310212686
 11.1776447105788	0.000312601370940433	0.135625652145526	0.290533852770462	-0.15758694105052
 11.3373253493014	0.000270273065020178	0.129216861549356	0.295344125642322	-0.155731819587153
 11.497005988024	0.000233629938260821	0.123050489700142	0.299662739152988	-0.153424450747518
 11.6566866267465	0.000201915862128604	0.117122659752608	0.30350121460542	-0.150681112095426
 11.8163672654691	0.000174474063934562	0.111429000793082	0.30687183339134	-0.147518747211341
 11.9760479041916	0.000150734269432772	0.105964720525441	0.309787532831958	-0.143954864420408
 12.1357285429142	0.000130201476438734	0.100724671703798	0.312261808492468	-0.140007440854769
 12.2954091816367	0.000112446158090483	0.0957034126906992	0.314308622800603	-0.13569483180882
 12.4550898203593	9.70957182899082E-05	0.0908952625100432	0.315942319782893	-0.131035685323845
 12.6147704590818	8.38270431038727E-05	0.0862943507526963	0.317177545718973	-0.126048861919172
 12.7744510978044	7.23600107422503E-05	0.0818946626802397	0.318029175503931	-0.120753359370321
 12.9341317365269	6.24518394098506E-05	0.0776900798588375	0.318512244500948	-0.115168242420405
 13.0938123752495	5.38921670780906E-05	0.0736744166410488	0.31864188566108	-0.109312577298965
 13.2534930139721	4.64987702467792E-05	0.0698414527988299	0.318433271683595	-0.103205370912411
 13.4131736526946	4.0113840254259E-05	0.066184962596147	0.317901561988701	-0.0968655145619149
 13.5728542914172	3.46007458152838E-05	0.06269874057473	0.31706185427438	-0.0903117320380638
 13.7325349301397	2.98412193735946E-05	0.0593766243116783	0.315929140430351	-0.08356253193632
 13.8922155688623	2.57329126879426E-05	0.0562125143929999	0.314518266584558	-0.0766361640335637
 14.0518962075848	2.21872739498201E-05	0.0532003918328147	0.312843897061032	-0.0695505795632964
 14.2115768463074	1.91277047689047E-05	0.050334333153969	0.310920482032181	-0.0623233952254849
 14.3712574850299	1.64879606568002E-05	0.0476085233322362	0.308762228653522	-0.054971860766363
 14.5309381237525	1.42107632789403E-05	0.0450172667931782	0.306383075474398	-0.0475128299636796
 14.6906187624751	1.22465968065931E-05	0.0425549966381428	0.303796669924218	-0.0399627348538021
 14.8502994011976	1.05526642551024E-05	0.0402162822637953	0.301016348680129	-0.0323375630386279
 15.0099800399202	9.09198280225081E-06	0.0379958355280536	0.298055120728719	-0.0246528379124215
 15.1696606786427	7.83259979629509E-06	0.0358885156043112	0.294925652941206	-0.0169236016512846
 15.3293413173653	6.74691353485131E-06	0.033889332655407	0.291640257988649	-0.00916440081105546
 15.4890219560878	5.81108496578474E-06	0.0319934504489224	0.288210884430802	-0.00138927438283871
 15.6487025948104	5.00452826697963E-06	0.0301961880260534	0.284649108819433	0.00638825584091169
 15.8083832335329	4.30946983623253E-06	0.0284930205275088	0.280966129664084	0.0141551927328186
 15.9680638722555	3.7105665944913E-06	0.026879579271603	0.277172763115382	0.0218990692684031
 16.127744510978	3.19457570069571E-06	0.0253516511719462	0.273279440228034	0.0296079520698063
 16.2874251497006	2.75006881691171E-06	0.0239051775748463	0.269296205672608	0.0372704431854149
 16.4471057884232	2.36718496789182E-06	0.0225362525897273	0.265232717771989	0.0448756802307923
 16.6067864271457	2.0374168268238E-06	0.0212411209795071	0.261098249745081	0.052413335011651
 16.7664670658683	1.75342594390188E-06	0.0200161756719476	0.256901692046796	0.0598736107448884
 16.9261477045908	1.50888302964352E-06	0.0188579549474734	0.252651555699691	0.0672472379889953
 17.0858283433134	1.29832992210612E-06	0.0177631393538266	0.248355976518753	0.0745254693904161
 17.2455089820359	1.1170603164053E-06	0.0167285483931726	0.244022720136705	0.0817000733477539
 17.4051896207585	9.61016725001043E-07	0.0157511370228645	0.239659187742953	0.0887633266910666
 17.564870259481	8.2670147578327E-07	0.0148279920070032	0.235272422454781	0.0957080064689052
 17.7245508982036	7.11099848759459E-07	0.0139563281521684	0.230869116244664	0.102527380931233
 17.8842315369261	6.11613706971593E-07	0.0131334844572301	0.226455617352667	0.109215199791903
 18.0439121756487	5.26004198244358E-07	0.0123569202039595	0.222037938117709	0.115765683850064
 18.2035928143713	4.52342295933012E-07	0.0116242110122257	0.217621763166129	0.122173514045585
 18.3632734530938	3.88966112864435E-07	0.0109330448808733	0.213212457900409	0.128433820019457
 18.5229540918164	3.34444066515302E-07	0.0102812182329152	0.208815077235097	0.134542168246123
 18.6826347305389	2.87543098076095E-07	0.0096666319814158	0.204434374531002	0.140494549800759
 18.8423153692615	2.47201255956192E-07	0.00908728763038678	0.200074810682503	0.146287367820744
 19.001996007984	2.1250404770846E-07	0.00854128342313989	0.195740563316449	0.151917424716913
 19.1616766467066	1.82664045216219E-07	0.00802681054883652	0.191435536064502	0.157381909186619
 19.3213572854291	1.57003297963241E-07	0.00754214941642421	0.18716336787402	0.162678383077259
 19.4810379241517	1.34938169750707E-07	0.00708566600374763	0.182927442325614	0.1678047681456
 19.6407185628743	1.15966266594389E-07	0.00665580828835187	0.178730896928363	0.172759332755115
 19.8003992015968	9.96551688245725E-08	0.0062511027653516	0.174576632366397	0.177540678550509
 19.9600798403194	8.56327195697985E-08	0.0058701510567087	0.170467321673065	0.182147727145699
 20.1197604790419	7.3578655656258E-08	0.00551162661533645	0.166405419311292	0.186579706858762
 20.2794411177645	6.32173962116093E-08	0.00517427152661974	0.162393170140977	0.190836139524708
 20.439121756487	5.43118295436098E-08	0.00485689340920195	0.158432618256326	0.194916827414396
 20.5988023952096	4.66579607064694E-08	0.00455836241623121	0.154525615678007	0.198821840285508
 20.7584830339321	4.00803010356863E-08	0.00427760833767617	0.150673830886806	0.202551502589234
 20.9181636726547	3.44278972275678E-08	0.0040136178038064	0.146878757187153	0.206106380854078
 21.0778443113772	2.95709116110259E-08	0.00376543158948042	0.143141720890471	0.209487271266204
 21.2375249500998	2.53976774080941E-08	0.00353214201848876	0.13946388930975	0.212695187463733
 21.3972055888224	2.18121632669234E-08	0.0033128904668554	0.135846278558119	0.215731348560565
 21.5568862275449	1.8731790402598E-08	0.00310686496370412	0.132289761145403	0.218597167413563
 21.7165668662675	1.60855534923295E-08	0.00291329788804175	0.128795073367847	0.221294239145261
 21.87624750499	1.38124032113933E-08	0.00273146375959429	0.125362822487227	0.223824329932728
 22.0359281437126	1.18598541106865E-08	0.00256067712165075	0.12199349369655	0.22618936607174
 22.1956087824351	1.01827865523152E-08	0.00240029051371949	0.118687456870432	0.228391423324048
 22.3552894211577	8.74241574536304E-09	0.0022496925316802	0.115444973099099	0.230432716554231
 22.5149700598802	7.50540465430028E-09	0.00210830597301798	0.11226620100563	0.232315589661448
 22.6746506986028	6.44310076890426E-09	0.00197558606465223	0.10915120284683	0.234042505810226
 22.8343313373253	5.53087949751189E-09	0.0018510187708189	0.10609995039866	0.235616037963422
 22.9940119760479	4.74757933575162E-09	0.00173411917842895	0.103112330627745	0.237038859719487
 23.1536926147705	4.0750160231461E-09	0.00162442995730577	0.100188151150986	0.238313736455277
 23.313373253493	3.49756467550478E-09	0.00152151989269794	0.0973271454857192	0.239443516774781
 23.4730538922156	3.00180041100188E-09	0.00142498248747022	0.0945289780932981	0.240431124263391
 23.6327345309381	2.57618930606533E-09	0.00133443463139218	0.091793249219306	0.241279549546614
 23.7924151696607	2.21082265286421E-09	0.0012495153349706	0.0891194995339292	0.241991842651447
 23.9520958083832	1.89718846844954E-09	0.00116988452530549	0.0865072145762896	0.242571105668054
 24.1117764471058	1.62797504820015E-09	0.00109522190149122	0.0839558290067714	0.243020485708827
 24.2714570858283	1.39690208188814E-09	0.00102522584713119	0.0814647306715799	0.243343168161389
 24.4311377245509	1.1985754755704E-09	0.000959612397586319	0.0790332644839407	0.243542370231676
 24.5908183632735	1.02836256057213E-09	0.000898114259633962	0.0766607361264902	0.243621334772782
 24.750499001996	8.8228483407509E-10	0.000840479881273	0.0743464155795233	0.243583324394919
 24.9101796407186	7.56925774619686E-10	0.000786472569473047	0.072089540479854	0.243431615851476
 25.0698602794411	6.4935161910988E-10	0.000735869653729741	0.0698893193151166	0.243169494695907
 25.2295409181637	5.57043283374177E-10	0.000688461693353622	0.0677449344583778	0.242800250203867
 25.3892215568862	4.7783786262047E-10	0.000644051726486709	0.0656555450479651	0.242327170554853
 25.5489021956088	4.09878366947486E-10	0.000602454558908023	0.0636202897174224	0.241753538267347
 25.7085828343313	3.51570535368396E-10	0.000563496090756696	0.0616382891805059	0.241082625881351
 25.8682634730539	3.01545733809036E-10	0.000527012679368546	0.0597086486761123	0.240317691882002
 26.0279441117764	2.58629081921481E-10	0.000492850536488865	0.0578304602779992	0.239461976857919
 26.187624750499	2.21812073454084E-10	0.000460865158190358	0.0560028050741208	0.238518699887766
 26.3473053892216	1.90229058054991E-10	0.000430920785890515	0.0542247552203448	0.237491055148494
 26.5069860279441	1.63137041094254E-10	0.000402889896926957	0.0524953758732556	0.236382208738682
 26.6666666666667	1.39898334382362E-10	0.000376652723212377	0.0508137270066827	0.235195295710326
 26.8263473053892	1.19965656272627E-10	0.000352096796552431	0.0491788651165111	0.233933417302467
 26.9860279441118	1.0286933605302E-10	0.000329116519270198	0.047589844818252	0.232599638370017
 27.1457085828343	8.82063260438106E-11	0.000307612758839571	0.0460457203417601	0.231196985001174
 27.3053892215569	7.56307665256832E-11	0.000287492465287072	0.0445455469273941	0.22972844231687
 27.4650698602794	6.48458844804075E-11	0.000268668310177057	0.043088382127815	0.228196952445705
 27.624750499002	5.55970379509149E-11	0.000251058346049019	0.0416732870195215	0.226605412667922
 27.7844311377245	4.76657443244317E-11	0.000234585685227748	0.0402993273281141	0.224956673722008
 27.9441117764471	4.08645536171178E-11	0.000219178196977397	0.0389655744711785	0.223253538267624
 28.1037924151697	3.50326474129982E-11	0.000204768222019005	0.037671106522566	0.221498759498618
 28.2634730538922	3.00320609324362E-11	0.000191292303477856	0.036415009101748	0.219695039899998
 28.4231536926148	2.57444401619263E-11	0.000178690933372053	0.0351963761918041	0.217845030142826
 28.5828343313373	2.20682583994931E-11	0.000166908313797045	0.0340143108895033	0.215951328111121
 28.7425149700599	1.89164272439883E-11	0.000155892132002448	0.032867926090819	0.214016478054955
 28.9021956087824	1.62142462275988E-11	0.00014559334859745	0.0317563451151176	0.21204296986406
 29.061876247505	1.38976431700561E-11	0.000135965998159411	0.0306787022711475	0.210033238456372
 29.2215568862275	1.19116641019368E-11	0.000126967001556966	0.0296341433678471	0.207989663276081
 29.3812375249501	1.02091774191536E-11	0.000118555989334076	0.0286218261728894	0.205914567895876
 29.5409181636727	8.7497619254834E-12	0.000110695135535082	0.0276409208217684	0.203810219718208
 29.7005988023952	7.49875271012625E-12	0.000103349001382951	0.0266906101801338	0.201678829770528
 29.8602794411178	6.42642249203364E-12	9.64843882535581E-05	0.0257700901619783	0.19952255258959
 30.0199600798403	5.50727922732562E-12	9.00701994181742E-05	0.0248785700061771	0.197343486190061
 30.1796407185629	4.71946349382427E-12	8.40773100542222E-05	0.0240152725137871	0.195143672112788
 30.3393213572854	4.04423150053025E-12	7.84784450510223E-05	0.0231794342484124	0.192925095548239
 30.499001996008	3.46551157388918E-12	7.32480641625949E-05	0.0223703057018499	0.190689685530759
 30.6586826347305	2.96952369344097E-12	6.83622540837507E-05	0.0215871514271381	0.188439315199421
 30.8183632734531	2.54445312688059E-12	6.37986270486752E-05	0.0208292501410394	0.186175802121386
 30.9780439121757	2.18017048302375E-12	5.95362255730753E-05	0.0200958947979023	0.183900908673829
 31.1377245508982	1.86799159016413E-12	5.55554329817329E-05	0.0193863926367622	0.181616342480619
 31.2974051896208	1.60047154217781E-12	5.18378893830506E-05	0.0187000652034574	0.179323756900072
 31.4570858283433	1.37122805724779E-12	4.83664127709235E-05	0.0180362483494574	0.177024751560239
 31.6167664670659	1.17478998295056E-12	4.51249249520673E-05	0.0173942922090213	0.174720872938294
 31.7764471057884	1.00646737273367E-12	4.20983820138141E-05	0.0167735611562294	0.172413614980763
 31.936127744511	8.62240066316193E-13	3.92727090634073E-05	0.0161734337433579	0.170104419761409
 32.0958083832335	7.38662142115343E-13	3.66347389850006E-05	0.0155933026219947	0.167794678173744
 32.2554890219561	6.32779983619456E-13	3.41721549749597E-05	0.0150325744482281	0.165485730655261
 32.4151696606786	5.42062022431286E-13	3.18734366296857E-05	0.0144906697731717	0.163178867940582
 32.5748502994012	4.64338496001574E-13	2.97278093730883E-05	0.0139670229200258	0.160875331840848
 32.7345309381238	3.97749794306188E-13	2.77251970230506E-05	0.0134610818488158	0.158576316046786
 32.8942115768463	3.40702172424601E-13	2.58561773077829E-05	0.0129723080098858	0.156282966953011
 33.0538922155689	2.9182977990427E-13	2.4111940153898E-05	0.0125001761871707	0.15399638450121
 33.2135728542914	2.49962107023872E-13	2.24842485783793E-05	0.012044174332216	0.151717623039984
 33.373253493014	2.14096076099978E-13	2.09654020263828E-05	0.0116038033898575	0.14944769219921
 33.5329341317365	1.83372115823196E-13	1.95482020060522E-05	0.0111785771164294	0.147187557776904
 33.6926147704591	1.57053650841179E-13	1.82259198802504E-05	0.0107680218913124	0.144938142636647
 33.8522954091816	1.34509519642718E-13	1.69922666833494E-05	0.0103716765225951	0.142700327613742
 34.0119760479042	1.15198903140298E-13	1.58413648390025E-05	0.00998909204757008	0.140474952428368
 34.1716566866267	9.86584058299857E-14	1.47677216621663E-05	0.00961983152874838	0.138262816604067
 34.3313373253493	8.44909824278249E-14	1.37662045355675E-05	0.00926346984603255	0.13606468039002
 34.4910179640719	7.23564466428517E-14	1.28320176573519E-05	0.00891959348564956	0.133881265685611
 34.6506986027944	6.19633362799843E-14	1.19606802628139E-05	0.00858780032640835	0.13171325696591
 34.810379241517	5.30619410563758E-14	1.11480062289228E-05	0.00826769942380999	0.129561302206733
 34.9700598802395	4.54383271219208E-14	1.03900849758433E-05	0.00795891079250468	0.127426013808057
 35.1297405189621	3.89092159501342E-14	9.68326358480969E-06	0.00766106518755753	0.125307969514619
 35.2894211576846	3.33175955687546E-14	9.02413005658645E-06	0.00737380388495343	0.1232077133326
 35.4491017964072	2.85289595098838E-14	8.40949763932818E-06	0.00709677846174231	0.121125756441385
 35.6087824351297	2.44280837888955E-14	7.83639015897377E-06	0.00682965057619734	0.119062578099412
 35.7684630738523	2.09162650228038E-14	7.30202828937495E-06	0.00657209174833261	0.117018626543251
 35.9281437125749	1.79089537752224E-14	6.80381670318841E-06	0.00632378314110069	0.114994319879052
 36.0878243512974	1.53337266263181E-14	6.33933204816358E-06	0.00608441534256653	0.112990046965595
 36.24750499002	1.31285485351823E-14	5.90631169684983E-06	0.00585368814933148	0.111006168288238
 36.4071856287425	1.12402839800071E-14	5.50264322093692E-06	0.00563131035145907	0.109043016823081
 36.5668662674651	9.62342129236926E-15	5.12635454444405E-06	0.00541699951913364	0.107100898890747
 36.7265469061876	8.23897968645555E-15	4.77560473279522E-06	0.0052104817912637	0.105180094999217
 36.8862275449102	7.05357284284996E-15	4.44867537747325E-06	0.00501149166622291	0.103280860675203
 37.0459081836327	6.03860664302512E-15	4.14396253844009E-06	0.00481977179490465	0.101403427283604
 37.2055888223553	5.16959185365749E-15	3.8599692088563E-06	0.00463507277624908	0.0995480028345947
 37.3652694610778	4.42555530543277E-15	3.59529826883794E-06	0.00445715295538637	0.0977147727780062
 37.5249500998004	3.78853546436797E-15	3.34864589705984E-06	0.00428577822452526	0.0959039007846157
 37.684630738523	3.24315031081628E-15	3.11879541096092E-06	0.00412072182670153	0.0941155295140704
 37.8443113772455	2.77622717022045E-15	2.90461150813534E-06	0.00396176416248878	0.0923497813691648
 38.0039920159681	2.37648562148447E-15	2.70503488321017E-06	0.00380869259976119	0.090606759236243
 38.1636726546906	2.03426587881921E-15	2.5190771961229E-06	0.0036613012865863	0.0888865472115232
 38.3233532934132	1.74129613133242E-15	2.3458163692261E-06	0.00351939096731561	0.0871892113131772
 38.4830339321357	1.49049325740849E-15	2.18439219206748E-06	0.00338276880192991	0.0855148001790238
 38.6427145708583	1.27579213029322E-15	2.03400221402795E-06	0.00325124818868739	0.083863345749724
 38.8023952095808	1.09199941632249E-15	1.89389790625233E-06	0.00312464859011344	0.0822348639373936
 38.9620758483034	9.34668354251125E-16	1.76338107548181E-06	0.00300279536236259	0.0806293552795707
 39.1217564870259	7.99991507159189E-16	1.64180051349991E-06	0.00288551958797577	0.0790468055785026
 39.2814371257485	6.84708909441895E-16	1.52854886693764E-06	0.00277265791204826	0.0774871865257356
 39.4411177644711	5.8602940072183E-16	1.4230597131534E-06	0.00266405238181765	0.0759504563120149
 39.6007984031936	5.01563254979887E-16	1.32480482881284E-06	0.00255955028967423	0.0744365602225189
 39.7604790419162	4.29264484346737E-16	1.23329163864708E-06	0.00245900401959111	0.0729454312174729
 39.9201596806387	3.67381429312079E-16	1.14806083266703E-06	0.0023622708969654	0.0714769904982022
 40.0798403193613	3.14414446149555E-16	1.06868414086199E-06	0.00226921304185747	0.0700311480587032
 40.2395209580838	2.69079672882865E-16	9.94762255112933E-07	0.00217969722561016	0.0686078032228231
 40.3992015968064	2.30278001214039E-16	9.25922888710097E-07	0.00209359473082607	0.0672068451671564
 40.5588822355289	1.97068506995234E-16	8.61818964481524E-07	0.0020107812146771	0.0658281534297771
 40.7185628742515	1.68645699048277E-16	8.02126923117954E-07	0.00193113657551668	0.0644715984049368
 40.8782435129741	1.44320037989789E-16	7.46545143821261E-07	0.0018545448227623	0.0631370418238733
 41.0379241516966	1.23501255405168E-16	6.94792469911541E-07	0.00178089395001279	0.0618243372218816
 41.1976047904192	1.05684071118266E-16	6.46606832503492E-07	0.00171007581136218	0.0605333303918107
 41.3572854291417	9.04359640413453E-17	6.01743965808302E-07	0.0016419860008697	0.059263859824156
 41.5169660678643	7.73867015468008E-17	5.59976208034395E-07	0.0015765237351433	0.0580157571339286
 41.6766467065868	6.62193746648817E-17	5.21091382251144E-07	0.00151359173899216	0.0567888474744856
 41.8363273453094	5.66627226968987E-17	4.84891751945397E-07	0.00145309613410192	0.0555829499385165
 41.9960079840319	4.84845619124213E-17	4.51193046343184E-07	0.00139494633068502	0.0543978779463827
 42.1556886227545	4.14861596180927E-17	4.1982355088958E-07	0.00133905492205716	0.0532334396220154
 42.315369261477	3.54974176843955E-17	3.90623258579734E-07	0.00128533758208969	0.0520894381565805
 42.4750499001996	3.03727491429073E-17	3.63443078115024E-07	0.00123371296548698	0.0509656721601219
 42.6347305389222	2.59875481895949E-17	3.38144095121098E-07	0.00118410261083694	0.049861936001402
 42.7944111776447	2.22351682516646E-17	3.14596882910547E-07	0.00113643084638213	0.0487780201361563
 42.9540918163673	1.90243350408528E-17	2.9268085950311E-07	0.0010906246984585	0.0477137114239859
 43.1137724550898	1.62769320199184E-17	2.7228368783161E-07	0.00104661380254849	0.0466687934341108
 43.2734530938124	1.39261047042606E-17	2.53300716263291E-07	0.00100433031689469	0.0456430467402107
 43.4331337325349	1.19146379235709E-17	2.35634456754596E-07	0.000963708838620341	0.0446362492045786
 43.5928143712575	1.01935667647304E-17	2.19194098133731E-07	0.000924686322302903	0.0436481762518178
 43.75249500998	8.72098756565039E-18	2.03895052170129E-07	0.000887202000946773	0.0426786011323076
 43.9121756487026	7.46104016652387E-18	1.89658530244102E-07	0.000851197309301533	0.0417272951756683
 44.0718562874251	6.38303676656801E-18	1.76411148574106E-07	0.000816615809472235	0.0407940280344537
 44.2315369261477	5.46071628063156E-18	1.64084560093789E-07	0.000783403118768556	0.0398785679182977
 44.3912175648703	4.6716061265266E-18	1.52615111197028E-07	0.000751506839739972	0.0389806818187437
 44.5508982035928	3.99647597385916E-18	1.41943521686915E-07	0.000720876492344496	0.0381001357249827
 44.7105788423154	3.41887021120095E-18	1.32014586374798E-07	0.000691463448199049	0.0372366948307243
 44.8702594810379	2.92470779438387E-18	1.2277689687837E-07	0.000663220866860009	0.0363901237324246
 45.0299401197605	2.50193977051604E-18	1.14182582264018E-07	0.000636103634083035	0.0355601866190938
 45.189620758483	2.14025616941121E-18	1.06187067268527E-07	0.000610068302011923	0.0347466474539013
 45.3493013972056	1.83083515023289E-18	9.87488469192436E-08	0.000585073031246842	0.0339492701477981
 45.5089820359281	1.56612831517489E-18	9.18292764503176E-08	0.000561077534743024	0.0331678187253716
 45.6686626746507	1.33967697867261E-18	8.53923754859555E-08	0.000538043023491639	0.0324020574831451
 45.8283433133733	1.14595493115364E-18	7.94046455301779E-08	0.00051593215393538	0.0316517511405347
 45.9880239520958	9.80233878834824E-19	7.38348998665672E-08	0.000494708977072005	0.0309166649836692
 46.1477045908184	8.38468291090959E-19	6.86541050313013E-08	0.00047433888919986	0.0301965650022805
 46.3073852295409	7.17196857761864E-19	6.38352330786278E-08	0.000454788584260244	0.0294912180198661
 46.4670658682635	6.13458161819288E-19	5.93531239101028E-08	0.000436026007732249	0.0288003918173217
 46.626746506986	5.24718517836367E-19	5.5184356987648E-08	0.000418020312036534	0.0281238552502435
 46.7864271457086	4.48810222040822E-19	5.13071317959824E-08	0.000400741813405375	0.0274613783600893
 46.9461077844311	3.83878712538521E-19	4.77011564624798E-08	0.000384161950177118	0.0268127324793925
 47.1057884231537	3.2833735468812E-19	4.43475439821806E-08	0.000368253242474023	0.0261776903312118
 47.2654690618762	2.80828751831365E-19	4.12287155327365E-08	0.000352989253223385	0.0255560261230032
 47.4251497005988	2.40191640124262E-19	3.83283103986514E-08	0.000338344550482607	0.0249475156350923
 47.5848303393214	2.05432561913691E-19	3.56311020564785E-08	0.000324294671029802	0.0243519363039241
 47.7445109780439	1.75701628250657E-19	3.31229200027738E-08	0.000310816085182322	0.0237690673002636
 47.9041916167665	1.50271780541148E-19	3.07905769347486E-08	0.000297886162806502	0.0231986896025161
 48.063872255489	1.28521046418742E-19	2.86218009198258E-08	0.000285483140482716	0.0226405860653351
 48.2235528942116	1.0991735774327E-19	2.66051722148184E-08	0.000273586089790704	0.0220945414836776
 48.3832335329341	9.40055609534242E-20	2.47300644183318E-08	0.000262174886680974	0.0215603426524696
 48.5429141716567	8.03963033403038E-20	2.29865896613343E-08	0.000251230181898882	0.0210377784220342
 48.7025948103792	6.87565244580671E-20	2.13655475607736E-08	0.000240733372428869	0.0205266397494363
 48.8622754491018	5.88013209550692E-20	1.98583776797002E-08	0.000230666573927076	0.0200267197458927
 49.0219560878243	5.02869865426488E-20	1.84571152547132E-08	0.000221012594111439	0.0195378137203914
 49.1816367265469	4.30050574309429E-20	1.71543499677226E-08	0.000211754907079098	0.0190597192196635
 49.3413173652695	3.67772180467439E-20	1.59431875541275E-08	0.000202877628521779	0.018592236064645
 49.500998003992	3.14509428022495E-20	1.48172140535931E-08	0.000194365491810557	0.0181351663835641
 49.6606786427146	2.68957676147851E-20	1.37704625227534E-08	0.000186203824922181	0.0176883146417844
 49.8203592814371	2.30001002219623E-20	1.27973820414205E-08	0.000178378528179898	0.0172514876685339
 49.9800399201597	1.96684914672665E-20	1.18928088553203E-08	0.000170876052782427	0.0168244946806427
 50.1397205588822	1.68193009670025E-20	1.10519395090345E-08	0.000163683380095479	0.0164071473034129
 50.2994011976048	1.43827001840677E-20	1.02703058327767E-08	0.000156788001680934	0.0159992595887372
 50.4590818363273	1.22989641610518E-20	9.54375165590594E-09	0.000150177900039458	0.0156006480305828
 50.6187624750499	1.05170102047911E-20	8.86841112873258E-09	0.000143841530043064	0.0152111315779512
 50.7784431137725	8.99314783803486E-21	8.2406885422338E-09	0.000137767801034761	0.0148305316454235
 50.938123752495	7.69000948789866E-21	7.6572395428229E-09	0.000131946059573115	0.0144586721213975
 51.0978043912176	6.57563579073911E-21	7.11495364632568E-09	0.000126366072800179	0.014095379374117
 51.2574850299401	5.62269316634369E-21	6.61093796185816E-09	0.000121018012411891	0.0137404822555958
 51.4171656686627	4.80780454277559E-21	6.14250204239556E-09	0.000115892439210643	0.0133938121035306
 51.5768463073852	4.11097687546642E-21	5.70714378450624E-09	0.000110980288220334	0.013055202741299
 51.7365269461078	3.5151114674995E-21	5.30253630502247E-09	0.000106272854344817	0.0127244904761313
 51.8962075848303	3.00558512004969E-21	4.926515727359E-09	0.00010176177855122	0.0124015140955457
 52.0558882235529	2.56989187191638E-21	4.57706981479449E-09	9.74390345601719E-05	0.0120861148621323
 52.2155688622754	2.19733656716583E-21	4.25232739232157E-09	9.32969160255481E-05	0.0117781365067679
 52.375249500998	1.87877275616844E-21	3.95054850267208E-09	8.93280241868417E-05	0.0114774252203423
 52.5349301397206	1.60637851864551E-21	3.67011524585039E-09	8.55252559778312E-05	0.0111838296440735
 52.6946107784431	1.37346472414947E-21	3.40952325498327E-09	8.1881792575695E-05	0.0108972008584867
 52.8542914171657	1.17431103829153E-21	3.16737376453166E-09	7.83910883752368E-05	0.0106173923711301
 53.0139720558882	1.00402566134571E-21	2.94236622992694E-09	7.50468603733668E-05	0.0103442601030962
 53.1736526946108	8.5842536614563E-22	2.73329146050626E-09	7.18430779494485E-05	0.0100776623744183
 53.3333333333333	7.33932898610973E-22	2.53902523024077E-09	6.87739530275892E-05	0.00981745988840603
 53.4930139720559	6.27489228910177E-22	2.35852233319193E-09	6.58339306073966E-05	0.00956351571498368
 53.6526946107784	5.36478504549548E-22	2.19081105290547E-09	6.30176796501524E-05	0.00931569527309218
 53.812375249501	4.58663867447332E-22	2.03498801707139E-09	6.03200843077857E-05	0.0090738663122133
 53.9720558882236	3.92132562891612E-22	1.89021341075272E-09	5.77362354824364E-05	0.00883789889307297
 54.1317365269461	3.3524899568591E-22	1.7557065233249E-09	5.5261422704798E-05	0.00860766536757797
 54.2914171656687	2.86614583310857E-22	1.63074160598067E-09	5.28911263198172E-05	0.0083830403580389
 54.4510978043912	2.4503342232613E-22	1.51464401825189E-09	5.06210099687083E-05	0.00816390073572962
 54.6107784431138	2.09482926569917E-22	1.40678664348569E-09	4.84469133566074E-05	0.00795012559883233
 54.7704590818363	1.79088717461769E-22	1.30658655459759E-09	4.63648452955402E-05	0.00774159624981466
 54.9301397205589	1.53103150854449E-22	1.21350191271383E-09	4.43709770127338E-05	0.0075381961722841
 55.0898203592814	1.30886953957127E-22	1.12702908251642E-09	4.24616357146307E-05	0.00733981100736292
 55.249500998004	1.11893522043833E-22	1.04669994922318E-09	4.06332983972917E-05	0.00714632852962518
 55.4091816367265	9.56554898305201E-23	9.72079423177209E-10	3.88825858941892E-05	0.00695763862263557
 55.5688622754491	8.17732481453339E-23	9.02763118990163E-10	3.72062571527017E-05	0.0067736332541285
 55.7285429141717	6.99051241931266E-23	8.38375197087852E-10	3.56012037309132E-05	0.0065942064508641
 55.8882235528942	5.97589844932482E-23	7.78566356347641E-10	3.40644445066123E-05	0.00641925427319618
 56.0479041916168	5.10850544470234E-23	7.23011967301002E-10	3.25931205906644E-05	0.00624867478938589
 56.2075848303393	4.36697783214835E-23	6.71410336103984E-10	3.11844904372011E-05	0.00608236804969337
 56.3672654690619	3.73305689490359E-23	6.23481090157724E-10	2.98359251433317E-05	0.00592023606027802
 56.5269461077844	3.19113182633213E-23	5.789636768936E-10	2.85449039313376E-05	0.00576218275693713
 56.686626746507	2.72785584537477E-23	5.37615967826486E-10	2.73090098065564E-05	0.0056081139787108
 56.8463073852295	2.33181794820753E-23	4.99212960527793E-10	2.61259253843978E-05	0.00545793744138007
 57.0059880239521	1.99326223548126E-23	4.63545571680363E-10	2.49934288801682E-05	0.00531156271088404
 57.1656686626746	1.70384792194264E-23	4.30419514852435E-10	2.39093902556012E-05	0.00516890117668025
 57.3253493013972	1.45644413364322E-23	3.99654257070166E-10	2.28717675162074E-05	0.00502986602507162
 57.4850299401198	1.24495445179325E-23	3.71082048679961E-10	2.18786031537682E-05	0.00489437221252236
 57.6447105788423	1.06416689253195E-23	3.44547021375066E-10	2.09280207284973E-05	0.00476233643898349
 57.8043912175649	9.09625636362776E-24	3.19904349617649E-10	2.00182215855922E-05	0.00463367712124838
 57.9640718562874	7.77521355044656E-24	2.97019471019614E-10	1.91474817010853E-05	0.00450831436635718
 58.12375249501	6.64597440431225E-24	2.75767361554415E-10	1.83141486520863E-05	0.00438616994506808
 58.2834331337325	5.68069830305978E-24	2.56031861759809E-10	1.75166387066897E-05	0.00426716726541265
 58.4431137724551	4.8555846024838E-24	2.37705050359119E-10	1.6753434028984E-05	0.00415123134635128
 58.6027944111776	4.15028656175079E-24	2.20686661977759E-10	1.60230799947707E-05	0.00403828879154413
 58.7624750499002	3.54741026436509E-24	2.04883545863574E-10	1.53241826137606E-05	0.00392826776325191
 58.9221556886228	3.03208621203338E-24	1.90209162735322E-10	1.46554060541643E-05	0.00382109795638013
 59.0818363273453	2.5916030547346E-24	1.76583117084376E-10	1.40154702657483E-05	0.00371671057267969
 59.2415169660679	2.21509444750606E-24	1.63930722441578E-10	1.34031486975702E-05	0.00361503829511581
 59.4011976047904	1.89327133037772E-24	1.52182597294968E-10	1.28172661067438E-05	0.00351601526241654
 59.560878243513	1.61819304457919E-24	1.41274289505907E-10	1.22566964547222E-05	0.00341957704381167
 59.7205588822355	1.38307165301498E-24	1.31145927221595E-10	1.17203608877136E-05	0.00332566061397169
 59.8802395209581	1.1821046494971E-24	1.2174189442202E-10	1.12072257979737E-05	0.00323420432815628
 60.0399201596806	1.01033193938523E-24	1.13010529369651E-10	1.07163009628346E-05	0.00314514789758084
 60.1996007984032	8.63513571258006E-25	1.04903844351411E-10	1.02466377584502E-05	0.00305843236500915
 60.3592814371258	7.38025209685155E-25	9.73772652152199E-11	9.79732744535033E-06	0.00297400008057957
 60.5189620758483	6.30768775626196E-25	9.03893893083057E-11	9.36749952300233E-06	0.00289179467787164
 60.6786427145709	5.39096054169108E-25	8.3901760522086E-11	8.95632015068621E-06	0.00281176105021945
 60.8383233532934	4.60743388410055E-25	7.78786602391957E-11	8.56299063208892E-06	0.0027338453272777
 60.998003992016	3.93775851102663E-25	7.22869130626932E-11	8.18674596112135E-06	0.0026579948518455
 61.1576846307385	3.3653951897767E-25	6.70957062860363E-11	7.82685342655565E-06	0.00258415815695314
 61.3173652694611	2.87620674083304E-25	6.22764221354876E-11	7.48261127317115E-06	0.00251228494321592
 61.4770459081836	2.45810927026342E-25	5.78024818845787E-11	7.15334741718496E-06	0.00244232605645915
 61.6367265469062	2.10077402795408E-25	5.36492010034781E-11	6.83841821382672E-06	0.00237423346561787
 61.7964071856287	1.79537254506208E-25	4.97936545649081E-11	6.53720727499937E-06	0.00230796024091439
 61.9560878243513	1.53435876988341E-25	4.62145521829416E-11	6.24912433504553E-06	0.00224346053231642
 62.1157684630739	1.31128283255895E-25	4.28921218118731E-11	5.97360416271458E-06	0.00218068954827827
 62.2754491017964	1.12063184810442E-25	3.98080017796554E-11	5.71010551749854E-06	0.00211960353476703
 62.435129740519	9.57693833313966E-26	3.69451404743889E-11	5.45811014857499E-06	0.00206015975457561
 62.5948103792415	8.18441382536885E-26	3.42877031432583E-11	5.2171218346627E-06	0.00200231646692393
 62.7544910179641	6.99432234171141E-26	3.18209853013524E-11	4.98666546316072E-06	0.00194603290734945
 62.9141716566866	5.97724275937026E-26	2.95313322831862E-11	4.76628614700448E-06	0.00189126926788779
 63.0738522954092	5.10802892829901E-26	2.74060645026355E-11	4.55554837773313E-06	0.00183798667754399
 63.2335329341317	4.36518865861442E-26	2.54334080175907E-11	4.35403521331993E-06	0.00178614718305477
 63.3932135728543	3.73035289771192E-26	2.36024300240764E-11	4.16134749937396E-06	0.00173571372994172
 63.5528942115768	3.1878220022681E-26	2.19029789310333E-11	3.97710312237556E-06	0.0016866501438553
 63.7125748502994	2.72417791105961E-26	2.03256286915531E-11	3.80093629365927E-06	0.00163892111220922
 63.872255489022	2.32795264945273E-26	1.88616270892162E-11	3.6324968629085E-06	0.00159249216610454
 64.0319361277445	1.98934498553506E-26	1.75028476994471E-11	3.47144965997439E-06	0.00154732966254264
 64.1916167664671	1.69997824538189E-26	1.62417452655625E-11	3.31747386387748E-06	0.00150340076692617
 64.3512974051896	1.45269331012054E-26	1.50713142475635E-11	3.17026239789502E-06	0.00146067343584661
 64.5109780439122	1.24137168528706E-26	1.39850503188101E-11	3.02952134968103E-06	0.00141911640015723
 64.6706586826347	1.06078427483485E-26	1.29769146015914E-11	2.89496941540569E-06	0.0013786991483298
 64.8303393213573	9.06462126338118E-27	1.20413004473768E-11	2.76633736694223E-06	0.0013393919100935
 64.9900199600798	7.74585956054867E-27	1.11730025812524E-11	2.64336754116628E-06	0.00130116564035413
 65.1497005988024	6.61891725939771E-27	1.03671884428095E-11	2.52581335047054E-06	0.00126399200339174
 65.3093812375249	5.65589940843555E-27	9.61937156761115E-12	2.41343881363247E-06	0.00122784335733454
 65.4690618762475	4.83296672769379E-27	8.92538686438652E-12	2.30601810620669E-06	0.00119269273890707
 65.6287425149701	4.12974608525185E-27	8.28136765335357E-12	2.20333512964731E-06	0.00115851384845011
 65.7884231536926	3.52882664549247E-27	7.68372434059194E-12	2.10518309839587E-06	0.0011252810352102
 65.9481037924152	3.01532924197058E-27	7.12912461224616E-12	2.01136414420182E-06	0.00109296928289606
 66.1077844311377	2.57653833574435E-27	6.61447504056451E-12	1.92168893697102E-06	0.00106155419549959
 66.2674650698603	2.20158746545005E-27	6.13690400143111E-12	1.83597632146618E-06	0.00103101198337854
 66.4271457085828	1.88119041639751E-27	5.69374581015464E-12	1.75405296920978E-06	0.00100131944959839
 66.5868263473054	1.60741146511896E-27	5.28252598888681E-12	1.67575304496618E-06	0.000972453976530485
 66.7465069860279	1.37346902096323E-27	4.90094758518209E-12	1.60091788720451E-06	0.000944393512703685
 66.9061876247505	1.1735678113082E-27	4.5468784669178E-12	1.52939570196774E-06	0.000917116559906556
 67.065868263473	1.002755462119E-27	4.21833952409753E-12	1.46104126959652E-06	0.000890602160537234
 67.2255489021956	8.56799928306032E-28	3.91349371298832E-12	1.39571566377846E-06	0.000864829885197892
 67.3852295409182	7.32084743513863E-28	3.6306358826237E-12	1.33328598241478E-06	0.000839779820530858
 67.5449101796407	6.25519499308739E-28	3.36818332795937E-12	1.27362508981663E-06	0.000815432557293229
 67.7045908183633	5.34463340102118E-28	3.12466701792519E-12	1.21661136976329E-06	0.00079176917866697
 67.8642714570858	4.56659581837342E-28	2.89872345029081E-12	1.16212848897298E-06	0.00076877124880129
 68.0239520958084	3.90179837420692E-28	2.68908708867909E-12	1.11006517055548E-06	0.000746420801584211
 68.1836327345309	3.33376266882697E-28	2.49458334023344E-12	1.06031497703282E-06	0.000724700329640115
 68.3433133732535	2.84840771115537E-28	2.3141220353951E-12	1.01277610253156E-06	0.000703592773550104
 68.502994011976	2.43370119706019E-28	2.14669137398539E-12	9.67351173765768E-07	0.000683081511291987
 68.6626746506986	2.07936150111693E-28	1.99135230433395E-12	9.23947059445421E-07	0.000663150347896646
 68.8223552894212	1.77660300833953E-28	1.84723330455956E-12	8.8247468776005E-07	0.000643783505317625
 68.9820359281437	1.51791848423652E-28	1.71352553730696E-12	8.42848871601259E-07	0.000624965612510669
 69.1417165668663	1.2968930976039E-28	1.58947835128585E-12	8.04988141201829E-07	0.00060668169572005
 69.3013972055888	1.10804549338488E-28	1.47439510485422E-12	7.68814583882007E-07	0.000588917168968424
 69.4610778443114	9.4669198205945E-29	1.36762928865133E-12	7.34253690606406E-07	0.000571657824747042
 69.6207584830339	8.08830483901273E-29	1.26858092592226E-12	7.0123420906686E-07	0.000554889824903086
 69.7804391217565	6.91041355193716E-29	1.17669323069776E-12	6.69688003018449E-07	0.000538599691720971
 69.940119760479	5.90402641204898E-29	1.09144950540529E-12	6.39549917606879E-07	0.000522774299194403
 70.0998003992016	5.04417657712349E-29	1.01237026080086E-12	6.10757650436286E-07	0.000507400864486047
 70.2594810379241	4.30953107961899E-29	9.39010542329957E-13	5.83251628136753E-07	0.000492466939571651
 70.4191616766467	3.68186202687226E-29	8.70957448158876E-13	5.5697488820074E-07	0.00047796040306548
 70.5788423153693	3.14559473651602E-29	8.07827825170465E-13	5.31872965867162E-07	0.000463869452223977
 70.7385229540918	2.68742161610937E-29	7.49266130195087E-13	5.07893785840873E-07	0.000450182595124515
 70.8982035928144	2.29597222347416E-29	6.94942444656238E-13	4.84987558644182E-07	0.000436888643016217
 71.0578842315369	1.96153133509142E-29	6.44550631653188E-13	4.63106681405306E-07	0.000423976702839752
 71.2175648702595	1.67579803854398E-29	5.97806625286743E-13	4.42205642896812E-07	0.000411436169913125
 71.377245508982	1.43167988078149E-29	5.54446842761618E-13	4.2224093264476E-07	0.000399256720780424
 71.5369261477046	1.22311697206801E-29	5.1422671047501E-13	4.03170953936761E-07	0.000387428306220598
 71.6966067864271	1.04493168731692E-29	4.7691929592848E-13	3.84955940564179E-07	0.000375941144413281
 71.8562874251497	8.92700240482495E-30	4.42314037883482E-13	3.67557877140648E-07	0.000364785714258784
 72.0159680638723	7.62642949442331E-30	4.10215567722289E-13	3.50940422845551E-07	0.000353952748849361
 72.1756487025948	6.51530471778645E-30	3.80442615478977E-13	3.35068838447419E-07	0.000343433229088877
 72.3353293413174	5.56603687505196E-30	3.52826994472359E-13	3.19909916468263E-07	0.0003332183774581
 72.4950099800399	4.75505242879732E-30	3.27212658906375E-13	3.05431914355602E-07	0.000323299651922783
 72.6546906187625	4.06221058360289E-30	3.03454829206503E-13	2.91604490534542E-07	0.000313668739981821
 72.814371257485	3.47030350655443E-30	2.81419180234742E-13	2.78398643217532E-07	0.000304317552852719
 72.9740518962076	2.96462929798016E-30	2.60981087873321E-13	2.6578665185461E-07	0.000295238219791727
 73.1337325349301	2.53262712459517E-30	2.4202492978983E-13	2.53742021111759E-07	0.000286423082545946
 73.2934131736527	2.16356546784147E-30	2.24443436496229E-13	2.42239427269772E-07	0.000277864689934815
 73.4530938123752	1.84827575669497E-30	2.08137089092366E-13	2.31254666940476E-07	0.000269555792558376
 73.6127744510978	1.57892477917231E-30	1.93013560343084E-13	2.20764608001517E-07	0.00026148933762977
 73.7724550898204	1.34882022805977E-30	1.78987195977925E-13	2.10747142655046E-07	0.000253658463929465
 73.9321357285429	1.15224455781531E-30	1.65978533325231E-13	2.01181142519591E-07	0.000246056496878705
 74.0918163672655	9.84313031507691E-31	1.53913854599376E-13	1.92046415668276E-07	0.000238676943729767
 74.251497005988	8.40852436436228E-31	1.42724772351916E-13	1.83323665530116E-07	0.000231513488870598
 74.4111776447106	7.18297459583388E-31	1.32347844775896E-13	1.74994451574701E-07	0.000224559989241481
 74.5708582834331	6.13602151981921E-31	1.22724218718095E-13	1.67041151703866E-07	0.000217810469861357
 74.7305389221557	5.24164285282239E-31	1.13799298407879E-13	1.59446926277241E-07	0.000211259119461552
 74.8902195608783	4.47760723552712E-31	1.05522438054015E-13	1.52195683701569E-07	0.000204900286224601
 75.0499001996008	3.8249220656126E-31	9.78466565934814E-14	1.45272047516744E-07	0.000198728473625972
 75.2095808383233	3.26736174239153E-31	9.07283729993082E-14	1.38661324914252E-07	0.000192738336376469
 75.3692614770459	2.79106461504895E-31	8.41271606688451E-14	1.32349476626497E-07	0.00018692467646319
 75.5289421157685	2.38418863069782E-31	7.80055195199021E-14	1.26323088128056E-07	0.000181282439286891
 75.688622754491	2.03661713482901E-31	7.23286645207452E-14	1.20569342092415E-07	0.000175806709893683
 75.8483033932136	1.73970752111702E-31	6.70643294713902E-14	1.15075992050133E-07	0.000170492709299009
 76.0079840319361	1.48607649079324E-31	6.21825849385215E-14	1.09831337196674E-07	0.000165335790901888
 76.1676646706587	1.26941659028266E-31	5.7655669325217E-14	1.04824198300341E-07	0.00016033143698744
 76.3273453093812	1.0843394720344E-31	5.34578321298116E-14	1.00043894662858E-07	0.000155475255315751
 76.4870259481038	9.26241986715558E-32	4.95651885161904E-14	9.5480222087155E-08	0.000150762975795167
 76.6467065868264	7.9119178162168E-32	4.5955584380846E-14	9.11234318088568E-08	0.000146190447238129
 76.8063872255489	6.75829564344287E-32	4.2608471160602E-14	8.69642103498212E-08	0.000141753634197726
 76.9660678642715	5.77285604429699E-32	3.95047896792286E-14	8.29936602538419E-08	0.000137448613883128
 77.125748502994	4.93108399228743E-32	3.66268623816481E-14	7.92032816663521E-08	0.000133271573152151
 77.2854291417166	4.212037321378E-32	3.39582933512452E-14	7.55849547215723E-08	0.000129218805579188
 77.4451097804391	3.59782609461543E-32	3.14838755492713E-14	7.2130922702118E-08	0.000125286708596807
 77.6047904191617	3.07316782587233E-32	2.91895047556926E-14	6.88337759375799E-08	0.000121471780709329
 77.7644710578842	2.62500750518285E-32	2.7062099728276E-14	6.56864364100142E-08	0.000117770618776744
 77.9241516966068	2.24219298745744E-32	2.50895281314869E-14	6.26821430356628E-08	0.000114179915367352
 78.0838323353293	1.91519767931981E-32	2.32605378190341E-14	5.9814437593524E-08	0.000110696456177529
 78.2435129740519	1.63588363354563E-32	2.15646930838624E-14	5.70771512726716E-08	0.000107317117517092
 78.4031936127744	1.39729916423912E-32	1.99923155171851E-14	5.44643918114068E-08	0.000104038863858704
 78.562874251497	1.1935059533802E-32	1.85344291439659E-14	5.19705312024979E-08	0.000100858745449861
 78.7225548902196	1.01943135198411E-32	1.71827095262041E-14	4.95901939398598E-08	9.77738959859757E-05
 78.8822355289421	8.70742205028867E-33	1.5929436547609E-14	4.73182457830865E-08	9.47815303431229E-05
 79.0419161676647	7.43737064057402E-33	1.47674506138866E-14	4.51497830172695E-08	9.187894236906E-05
 79.2015968063872	6.35254108224575E-33	1.36901120220063E-14	4.30801221864955E-08	8.90635027311233E-05
 79.3612774451098	5.42592484880664E-33	1.26912632695916E-14	4.11047902803617E-08	8.63326568196679E-05
 79.5209580838323	4.63445114248276E-33	1.17651940920724E-14	3.9219515353723E-08	8.36839227057193E-05
 79.6806387225549	3.9584128764312E-33	1.09066090305461E-14	3.742021756075E-08	8.11148891515516E-05
